,Company Name:,Administrator Names:,Administrator's Email:,Administrator's Tel Number:
0,3Com Corp,Brett Dunlap,michael.ali.london@gmail.com,'07459264413'
1,3M Company,Angie Roy,michael.ali.london@gmail.com,'07459264413'
2,A.G. Edwards Inc.,Marcos Watkins,michael.ali.london@gmail.com,'07459264413'
3,Abbott Laboratories,Mya Dixon,michael.ali.london@gmail.com,'07459264413'
4,Abercrombie & Fitch Co.,Keyon Lin,michael.ali.london@gmail.com,'07459264413'
5,ABM Industries Incorporated,Ean Foley,michael.ali.london@gmail.com,'07459264413'
6,Ace Hardware Corporation,Heather Lozano,michael.ali.london@gmail.com,'07459264413'
7,ACT Manufacturing Inc.,Aria Harper,michael.ali.london@gmail.com,'07459264413'
8,Acterna Corp.,Miley Macias,michael.ali.london@gmail.com,'07459264413'
9,"Adams Resources & Energy, Inc.",Pedro Davies,michael.ali.london@gmail.com,'07459264413'
10,"ADC Telecommunications, Inc.",Rosa Shaffer,michael.ali.london@gmail.com,'07459264413'
11,Adelphia Communications Corporation,Alonzo Mills,michael.ali.london@gmail.com,'07459264413'
12,"Administaff, Inc.",Nevaeh Wiggins,michael.ali.london@gmail.com,'07459264413'
13,Adobe Systems Incorporated,Adyson Good,michael.ali.london@gmail.com,'07459264413'
14,Adolph Coors Company,Oscar Saunders,michael.ali.london@gmail.com,'07459264413'
15,"Advance Auto Parts, Inc.",Erick Espinoza,michael.ali.london@gmail.com,'07459264413'
16,"Advanced Micro Devices, Inc.",Theresa Rosales,michael.ali.london@gmail.com,'07459264413'
17,"AdvancePCS, Inc.",Preston Ford,michael.ali.london@gmail.com,'07459264413'
18,"Advantica Restaurant Group, Inc.",Harley Wyatt,michael.ali.london@gmail.com,'07459264413'
19,The AES Corporation,Lucas Bishop,michael.ali.london@gmail.com,'07459264413'
20,Aetna Inc.,Aryana Cortez,michael.ali.london@gmail.com,'07459264413'
21,"Affiliated Computer Services, Inc.",Kayden Diaz,michael.ali.london@gmail.com,'07459264413'
22,AFLAC Incorporated,Lilian Arellano,michael.ali.london@gmail.com,'07459264413'
23,AGCO Corporation,Uriah Hancock,michael.ali.london@gmail.com,'07459264413'
24,"Agilent Technologies, Inc.",Kyle Neal,michael.ali.london@gmail.com,'07459264413'
25,Agway Inc.,Cael Zimmerman,michael.ali.london@gmail.com,'07459264413'
26,Apartment Investment and Management Company,Gustavo Mack,michael.ali.london@gmail.com,'07459264413'
27,"Air Products and Chemicals, Inc.",Kyan Ferguson,michael.ali.london@gmail.com,'07459264413'
28,"Airborne, Inc.",Gavin Lucero,michael.ali.london@gmail.com,'07459264413'
29,"Airgas, Inc.",Tate Robertson,michael.ali.london@gmail.com,'07459264413'
30,AK Steel Holding Corporation,Jazmin Sheppard,michael.ali.london@gmail.com,'07459264413'
31,"Alaska Air Group, Inc.",Erika Pierce,michael.ali.london@gmail.com,'07459264413'
32,Alberto-Culver Company,Aleena Collier,michael.ali.london@gmail.com,'07459264413'
33,"Albertson's, Inc.",William Cooley,michael.ali.london@gmail.com,'07459264413'
34,Alcoa Inc.,Mattie Snyder,michael.ali.london@gmail.com,'07459264413'
35,Alleghany Corporation,Erika Elliott,michael.ali.london@gmail.com,'07459264413'
36,"Allegheny Energy, Inc.",Vaughn Donaldson,michael.ali.london@gmail.com,'07459264413'
37,Allegheny Technologies Incorporated,Sylvia Hartman,michael.ali.london@gmail.com,'07459264413'
38,"Allergan, Inc.",Erica Yates,michael.ali.london@gmail.com,'07459264413'
39,"ALLETE, Inc.",Marie Douglas,michael.ali.london@gmail.com,'07459264413'
40,Alliant Energy Corporation,Donna Cuevas,michael.ali.london@gmail.com,'07459264413'
41,"Allied Waste Industries, Inc.",Landin Hoffman,michael.ali.london@gmail.com,'07459264413'
42,Allmerica Financial Corporation,Clayton Baxter,michael.ali.london@gmail.com,'07459264413'
43,The Allstate Corporation,Kyan James,michael.ali.london@gmail.com,'07459264413'
44,ALLTEL Corporation,Braedon Rogers,michael.ali.london@gmail.com,'07459264413'
45,"The Alpine Group, Inc.",Cristofer Lawrence,michael.ali.london@gmail.com,'07459264413'
46,"Amazon.com, Inc.",Callie Cantu,michael.ali.london@gmail.com,'07459264413'
47,AMC Entertainment Inc.,Maribel Myers,michael.ali.london@gmail.com,'07459264413'
48,American Power Conversion Corporation,Alonzo Reeves,michael.ali.london@gmail.com,'07459264413'
49,Amerada Hess Corporation,Mathew Jordan,michael.ali.london@gmail.com,'07459264413'
50,AMERCO,Kobe Fuller,michael.ali.london@gmail.com,'07459264413'
51,Ameren Corporation,Jayleen Mahoney,michael.ali.london@gmail.com,'07459264413'
52,America West Holdings Corporation,Theresa Wilcox,michael.ali.london@gmail.com,'07459264413'
53,"American Axle & Manufacturing Holdings, Inc.",Malaki Mendez,michael.ali.london@gmail.com,'07459264413'
54,"American Eagle Outfitters, Inc.",Cruz Houston,michael.ali.london@gmail.com,'07459264413'
55,"American Electric Power Company, Inc.",Bennett Russo,michael.ali.london@gmail.com,'07459264413'
56,American Express Company,Isabel Lester,michael.ali.london@gmail.com,'07459264413'
57,"American Financial Group, Inc.",Averie Strong,michael.ali.london@gmail.com,'07459264413'
58,American Greetings Corporation,Cyrus Wiggins,michael.ali.london@gmail.com,'07459264413'
59,"American International Group, Inc.",Miah Ochoa,michael.ali.london@gmail.com,'07459264413'
60,American Standard Companies Inc.,Briley Stout,michael.ali.london@gmail.com,'07459264413'
61,"American Water Works Company, Inc.",Reese Meyer,michael.ali.london@gmail.com,'07459264413'
62,AmerisourceBergen Corporation,Jamarcus Baldwin,michael.ali.london@gmail.com,'07459264413'
63,"Ames Department Stores, Inc.",Efrain Nicholson,michael.ali.london@gmail.com,'07459264413'
64,Amgen Inc.,Jazmine Vance,michael.ali.london@gmail.com,'07459264413'
65,"Amkor Technology, Inc.",Nathen Padilla,michael.ali.london@gmail.com,'07459264413'
66,AMR Corporation,Janiyah Benton,michael.ali.london@gmail.com,'07459264413'
67,AmSouth Bancorp.,Hassan Woods,michael.ali.london@gmail.com,'07459264413'
68,"Amtran, Inc.",Eliezer Burton,michael.ali.london@gmail.com,'07459264413'
69,Anadarko Petroleum Corporation,Kamryn Hatfield,michael.ali.london@gmail.com,'07459264413'
70,"Analog Devices, Inc.",Shayna Perez,michael.ali.london@gmail.com,'07459264413'
71,"Anheuser-Busch Companies, Inc.",Callum Spence,michael.ali.london@gmail.com,'07459264413'
72,Anixter International Inc.,Zariah Campos,michael.ali.london@gmail.com,'07459264413'
73,AnnTaylor Inc.,Nico English,michael.ali.london@gmail.com,'07459264413'
74,"Anthem, Inc.",Karma Martinez,michael.ali.london@gmail.com,'07459264413'
75,AOL Time Warner Inc.,Xzavier Pratt,michael.ali.london@gmail.com,'07459264413'
76,Aon Corporation,Rex Valentine,michael.ali.london@gmail.com,'07459264413'
77,Apache Corporation,Andrea Montoya,michael.ali.london@gmail.com,'07459264413'
78,"Apple Computer, Inc.",Edwin Mcintosh,michael.ali.london@gmail.com,'07459264413'
79,Applera Corporation,Casey Robinson,michael.ali.london@gmail.com,'07459264413'
80,"Applied Industrial Technologies, Inc.",Darrell Salinas,michael.ali.london@gmail.com,'07459264413'
81,"Applied Materials, Inc.",Kristopher Guerra,michael.ali.london@gmail.com,'07459264413'
82,"Aquila, Inc.",Ashlynn Maddox,michael.ali.london@gmail.com,'07459264413'
83,ARAMARK Corporation,Rylee Stein,michael.ali.london@gmail.com,'07459264413'
84,"Arch Coal, Inc.",Anika Knox,michael.ali.london@gmail.com,'07459264413'
85,Archer Daniels Midland Company,Mariyah Harding,michael.ali.london@gmail.com,'07459264413'
86,Arkansas Best Corporation,Darwin Flowers,michael.ali.london@gmail.com,'07459264413'
87,"Armstrong Holdings, Inc.",Krystal Mendoza,michael.ali.london@gmail.com,'07459264413'
88,"Arrow Electronics, Inc.",Carissa Shepherd,michael.ali.london@gmail.com,'07459264413'
89,"ArvinMeritor, Inc.",Ian Goodwin,michael.ali.london@gmail.com,'07459264413'
90,Ashland Inc.,Milagros Boyer,michael.ali.london@gmail.com,'07459264413'
91,Astoria Financial Corporation,Kenley Lucero,michael.ali.london@gmail.com,'07459264413'
92,AT&T Corp.,Mariam Sanders,michael.ali.london@gmail.com,'07459264413'
93,Atmel Corporation,Alia Wolf,michael.ali.london@gmail.com,'07459264413'
94,Atmos Energy Corporation,Paxton Hoffman,michael.ali.london@gmail.com,'07459264413'
95,Audiovox Corporation,Isai Chung,michael.ali.london@gmail.com,'07459264413'
96,"Autoliv, Inc.",Cora Freeman,michael.ali.london@gmail.com,'07459264413'
97,"Automatic Data Processing, Inc.",Devan Jenkins,michael.ali.london@gmail.com,'07459264413'
98,"AutoNation, Inc.",Gerardo Blackwell,michael.ali.london@gmail.com,'07459264413'
99,"AutoZone, Inc.",Matias Rios,michael.ali.london@gmail.com,'07459264413'
100,Avaya Inc.,Leanna Larson,michael.ali.london@gmail.com,'07459264413'
101,Avery Dennison Corporation,Karissa Vincent,michael.ali.london@gmail.com,'07459264413'
102,Avista Corporation,Juan Ibarra,michael.ali.london@gmail.com,'07459264413'
103,"Avnet, Inc.",Harley Nielsen,michael.ali.london@gmail.com,'07459264413'
104,"Avon Products, Inc.",Jacob Park,michael.ali.london@gmail.com,'07459264413'
105,Baker Hughes Incorporated,Emmalee Garcia,michael.ali.london@gmail.com,'07459264413'
106,Ball Corporation,Danika Lawrence,michael.ali.london@gmail.com,'07459264413'
107,Bank of America Corporation,Dakota Washington,michael.ali.london@gmail.com,'07459264413'
108,"The Bank of New York Company, Inc.",David Maddox,michael.ali.london@gmail.com,'07459264413'
109,Bank One Corporation,Jesus Osborne,michael.ali.london@gmail.com,'07459264413'
110,"Banknorth Group, Inc.",Laci Kelley,michael.ali.london@gmail.com,'07459264413'
111,Banta Corporation,Harrison Whitney,michael.ali.london@gmail.com,'07459264413'
112,"Barnes & Noble, Inc.",Lana Vaughn,michael.ali.london@gmail.com,'07459264413'
113,Bausch & Lomb Incorporated,Amara Bruce,michael.ali.london@gmail.com,'07459264413'
114,Baxter International Inc.,Reese Ingram,michael.ali.london@gmail.com,'07459264413'
115,BB&T Corporation,Casey Middleton,michael.ali.london@gmail.com,'07459264413'
116,The Bear Stearns Companies Inc.,Diya Duncan,michael.ali.london@gmail.com,'07459264413'
117,"Beazer Homes USA, Inc.",Savanah Snow,michael.ali.london@gmail.com,'07459264413'
118,"Beckman Coulter, Inc.",Heidy Grant,michael.ali.london@gmail.com,'07459264413'
119,"Becton, Dickinson and Company",Lily Reid,michael.ali.london@gmail.com,'07459264413'
120,Bed Bath & Beyond Inc.,Kristopher Decker,michael.ali.london@gmail.com,'07459264413'
121,"Belk, Inc.",Orion Peck,michael.ali.london@gmail.com,'07459264413'
122,Bell Microproducts Inc.,Abby Stuart,michael.ali.london@gmail.com,'07459264413'
123,BellSouth Corporation,Korbin Alexander,michael.ali.london@gmail.com,'07459264413'
124,Belo Corp.,Maurice Cook,michael.ali.london@gmail.com,'07459264413'
125,"Bemis Company, Inc.",Daniela Freeman,michael.ali.london@gmail.com,'07459264413'
126,"Benchmark Electronics, Inc.",Janessa Armstrong,michael.ali.london@gmail.com,'07459264413'
127,Berkshire Hathaway Inc.,Mia Dorsey,michael.ali.london@gmail.com,'07459264413'
128,"Best Buy Co., Inc.",Finley Mccall,michael.ali.london@gmail.com,'07459264413'
129,Bethlehem Steel Corporation,Kiana Mccann,michael.ali.london@gmail.com,'07459264413'
130,"Beverly Enterprises, Inc.",Alaina Mcpherson,michael.ali.london@gmail.com,'07459264413'
131,"Big Lots, Inc.",Monserrat Lester,michael.ali.london@gmail.com,'07459264413'
132,BJ Services Company,Maximilian Norton,michael.ali.london@gmail.com,'07459264413'
133,"BJ's Wholesale Club, Inc.",Lilia Palmer,michael.ali.london@gmail.com,'07459264413'
134,The Black & Decker Corporation,Tiana Duke,michael.ali.london@gmail.com,'07459264413'
135,Black Hills Corporation,Alfredo Fischer,michael.ali.london@gmail.com,'07459264413'
136,"BMC Software, Inc.",Taniyah Mcdowell,michael.ali.london@gmail.com,'07459264413'
137,The Boeing Company,Grant Adkins,michael.ali.london@gmail.com,'07459264413'
138,Boise Cascade Corporation,Gael Terry,michael.ali.london@gmail.com,'07459264413'
139,"Borders Group, Inc.",Gregory Lynn,michael.ali.london@gmail.com,'07459264413'
140,BorgWarner Inc.,Peter Hamilton,michael.ali.london@gmail.com,'07459264413'
141,Boston Scientific Corporation,Max Hester,michael.ali.london@gmail.com,'07459264413'
142,Bowater Incorporated,Sincere Edwards,michael.ali.london@gmail.com,'07459264413'
143,Briggs & Stratton Corporation,Janiyah Savage,michael.ali.london@gmail.com,'07459264413'
144,"Brightpoint, Inc.",Callum Rowe,michael.ali.london@gmail.com,'07459264413'
145,"Brinker International, Inc.",Skyler Mclean,michael.ali.london@gmail.com,'07459264413'
146,Bristol-Myers Squibb Company,Emilee Macdonald,michael.ali.london@gmail.com,'07459264413'
147,"Broadwing, Inc.",Richard Ramsey,michael.ali.london@gmail.com,'07459264413'
148,"Brown Shoe Company, Inc.",Angie Carney,michael.ali.london@gmail.com,'07459264413'
149,Brown-Forman Corporation,Gabriella Mathews,michael.ali.london@gmail.com,'07459264413'
150,Brunswick Corporation,Giovani Newton,michael.ali.london@gmail.com,'07459264413'
151,"Budget Group, Inc.",Kyler Woods,michael.ali.london@gmail.com,'07459264413'
152,Burlington Coat Factory Warehouse Corporation,Pranav Sweeney,michael.ali.london@gmail.com,'07459264413'
153,"Burlington Industries, Inc.",Makaila Mahoney,michael.ali.london@gmail.com,'07459264413'
154,Burlington Northern Santa Fe Corporation,Saniya Bright,michael.ali.london@gmail.com,'07459264413'
155,Burlington Resources Inc.,Carlie Steele,michael.ali.london@gmail.com,'07459264413'
156,C. H. Robinson Worldwide Inc.,Eduardo Leach,michael.ali.london@gmail.com,'07459264413'
157,Cablevision Systems Corp,Yahir Sexton,michael.ali.london@gmail.com,'07459264413'
158,Cabot Corp,Ingrid Herman,michael.ali.london@gmail.com,'07459264413'
159,"Cadence Design Systems, Inc.",Aylin Baxter,michael.ali.london@gmail.com,'07459264413'
160,Calpine Corp.,Harold Rivas,michael.ali.london@gmail.com,'07459264413'
161,Campbell Soup Co.,Amy Kennedy,michael.ali.london@gmail.com,'07459264413'
162,Capital One Financial Corp.,Alonso Patrick,michael.ali.london@gmail.com,'07459264413'
163,Cardinal Health Inc.,Tania Wolf,michael.ali.london@gmail.com,'07459264413'
164,Caremark Rx Inc.,Zachariah Donovan,michael.ali.london@gmail.com,'07459264413'
165,Carlisle Cos. Inc.,Keagan Yu,michael.ali.london@gmail.com,'07459264413'
166,Carpenter Technology Corp.,Selah Nunez,michael.ali.london@gmail.com,'07459264413'
167,Casey's General Stores Inc.,Mira Hatfield,michael.ali.london@gmail.com,'07459264413'
168,Caterpillar Inc.,Aylin Payne,michael.ali.london@gmail.com,'07459264413'
169,CBRL Group Inc.,Mattie Walsh,michael.ali.london@gmail.com,'07459264413'
170,CDI Corp.,Trinity Nichols,michael.ali.london@gmail.com,'07459264413'
171,CDW Computer Centers Inc.,Aliza Finley,michael.ali.london@gmail.com,'07459264413'
172,CellStar Corp.,Tate Wilcox,michael.ali.london@gmail.com,'07459264413'
173,Cendant Corp,Rodolfo Mora,michael.ali.london@gmail.com,'07459264413'
174,Cenex Harvest States Cooperatives,Katelyn Cook,michael.ali.london@gmail.com,'07459264413'
175,Centex Corp.,Roger Hendrix,michael.ali.london@gmail.com,'07459264413'
176,CenturyTel Inc.,Skye Rollins,michael.ali.london@gmail.com,'07459264413'
177,Ceridian Corp.,Rohan Wagner,michael.ali.london@gmail.com,'07459264413'
178,CH2M Hill Cos. Ltd.,Brynn Allen,michael.ali.london@gmail.com,'07459264413'
179,Champion Enterprises Inc.,Maritza Mcpherson,michael.ali.london@gmail.com,'07459264413'
180,Charles Schwab Corp.,Kadence Dunlap,michael.ali.london@gmail.com,'07459264413'
181,Charming Shoppes Inc.,Aydan Meza,michael.ali.london@gmail.com,'07459264413'
182,Charter Communications Inc.,Hayley Pennington,michael.ali.london@gmail.com,'07459264413'
183,Charter One Financial Inc.,Bella Lambert,michael.ali.london@gmail.com,'07459264413'
184,ChevronTexaco Corp.,Ashleigh Maxwell,michael.ali.london@gmail.com,'07459264413'
185,Chiquita Brands International Inc.,Reilly Edwards,michael.ali.london@gmail.com,'07459264413'
186,Chubb Corp,Felix Morgan,michael.ali.london@gmail.com,'07459264413'
187,Ciena Corp.,Selina Pitts,michael.ali.london@gmail.com,'07459264413'
188,Cigna Corp,Sadie Miller,michael.ali.london@gmail.com,'07459264413'
189,Cincinnati Financial Corp.,Frank Proctor,michael.ali.london@gmail.com,'07459264413'
190,Cinergy Corp.,Henry Carpenter,michael.ali.london@gmail.com,'07459264413'
191,Cintas Corp.,Cole Cameron,michael.ali.london@gmail.com,'07459264413'
192,Circuit City Stores Inc.,Deon Carpenter,michael.ali.london@gmail.com,'07459264413'
193,Cisco Systems Inc.,Pranav Dawson,michael.ali.london@gmail.com,'07459264413'
194,"Citigroup, Inc",Melissa Meza,michael.ali.london@gmail.com,'07459264413'
195,Citizens Communications Co.,Ashly Howe,michael.ali.london@gmail.com,'07459264413'
196,CKE Restaurants Inc.,Willie Livingston,michael.ali.london@gmail.com,'07459264413'
197,Clear Channel Communications Inc.,Kallie Heath,michael.ali.london@gmail.com,'07459264413'
198,The Clorox Co.,Braxton Pineda,michael.ali.london@gmail.com,'07459264413'
199,CMGI Inc.,Jaidyn Dominguez,michael.ali.london@gmail.com,'07459264413'
200,CMS Energy Corp.,Drake Rowland,michael.ali.london@gmail.com,'07459264413'
201,CNF Inc.,Maya Nelson,michael.ali.london@gmail.com,'07459264413'
202,Coca-Cola Co.,Marie King,michael.ali.london@gmail.com,'07459264413'
203,Coca-Cola Enterprises Inc.,Dania Morrow,michael.ali.london@gmail.com,'07459264413'
204,Colgate-Palmolive Co.,Ezra Rangel,michael.ali.london@gmail.com,'07459264413'
205,Collins & Aikman Corp.,Braylon Todd,michael.ali.london@gmail.com,'07459264413'
206,Comcast Corp.,Paulina Wells,michael.ali.london@gmail.com,'07459264413'
207,Comdisco Inc.,Andreas Hancock,michael.ali.london@gmail.com,'07459264413'
208,Comerica Inc.,Natalya Sosa,michael.ali.london@gmail.com,'07459264413'
209,Comfort Systems USA Inc.,Kaylee Huffman,michael.ali.london@gmail.com,'07459264413'
210,Commercial Metals Co.,Roger Chen,michael.ali.london@gmail.com,'07459264413'
211,Community Health Systems Inc.,Humberto Ewing,michael.ali.london@gmail.com,'07459264413'
212,Compass Bancshares Inc,Tiara Ochoa,michael.ali.london@gmail.com,'07459264413'
213,Computer Associates International Inc.,Jean Wiggins,michael.ali.london@gmail.com,'07459264413'
214,Computer Sciences Corp.,Maggie Fernandez,michael.ali.london@gmail.com,'07459264413'
215,Compuware Corp.,Paula Roach,michael.ali.london@gmail.com,'07459264413'
216,Comverse Technology Inc.,Rhianna Bradley,michael.ali.london@gmail.com,'07459264413'
217,ConAgra Foods Inc.,Kenyon Weeks,michael.ali.london@gmail.com,'07459264413'
218,Concord EFS Inc.,Dante Foley,michael.ali.london@gmail.com,'07459264413'
219,"Conectiv, Inc",Chelsea Pearson,michael.ali.london@gmail.com,'07459264413'
220,Conoco Inc,Talia Blackwell,michael.ali.london@gmail.com,'07459264413'
221,Conseco Inc.,Livia Holden,michael.ali.london@gmail.com,'07459264413'
222,Consolidated Freightways Corp.,Briana Bowen,michael.ali.london@gmail.com,'07459264413'
223,Consolidated Edison Inc.,Aileen Hess,michael.ali.london@gmail.com,'07459264413'
224,Constellation Brands Inc.,Anna Yu,michael.ali.london@gmail.com,'07459264413'
225,Constellation Emergy Group Inc.,Odin Mcbride,michael.ali.london@gmail.com,'07459264413'
226,Continental Airlines Inc.,Christopher Alvarado,michael.ali.london@gmail.com,'07459264413'
227,Convergys Corp.,Patricia Mccullough,michael.ali.london@gmail.com,'07459264413'
228,Cooper Cameron Corp.,Miranda Black,michael.ali.london@gmail.com,'07459264413'
229,Cooper Industries Ltd.,Kimberly Browning,michael.ali.london@gmail.com,'07459264413'
230,Cooper Tire & Rubber Co.,Peyton Cunningham,michael.ali.london@gmail.com,'07459264413'
231,Corn Products International Inc.,Cristopher Walls,michael.ali.london@gmail.com,'07459264413'
232,Corning Inc.,Charlie Medina,michael.ali.london@gmail.com,'07459264413'
233,Costco Wholesale Corp.,Meadow Schroeder,michael.ali.london@gmail.com,'07459264413'
234,Countrywide Credit Industries Inc.,Tristan Soto,michael.ali.london@gmail.com,'07459264413'
235,Coventry Health Care Inc.,Brady Duncan,michael.ali.london@gmail.com,'07459264413'
236,Cox Communications Inc.,Brenton Caldwell,michael.ali.london@gmail.com,'07459264413'
237,Crane Co.,Kathryn Small,michael.ali.london@gmail.com,'07459264413'
238,Crompton Corp.,Blake Weiss,michael.ali.london@gmail.com,'07459264413'
239,Crown Cork & Seal Co. Inc.,Emilio Kane,michael.ali.london@gmail.com,'07459264413'
240,CSK Auto Corp.,Scarlett Gutierrez,michael.ali.london@gmail.com,'07459264413'
241,CSX Corp.,Joyce Manning,michael.ali.london@gmail.com,'07459264413'
242,Cummins Inc.,Quinn Sloan,michael.ali.london@gmail.com,'07459264413'
243,CVS Corp.,Zaiden Adkins,michael.ali.london@gmail.com,'07459264413'
244,Cytec Industries Inc.,Kian Yoder,michael.ali.london@gmail.com,'07459264413'
245,"D&K Healthcare Resources, Inc.",Camilla Welch,michael.ali.london@gmail.com,'07459264413'
246,D.R. Horton Inc.,Abdullah Short,michael.ali.london@gmail.com,'07459264413'
247,Dana Corporation,Pierce Dunn,michael.ali.london@gmail.com,'07459264413'
248,Danaher Corporation,Felix Rhodes,michael.ali.london@gmail.com,'07459264413'
249,Darden Restaurants Inc.,Amiyah Humphrey,michael.ali.london@gmail.com,'07459264413'
250,DaVita Inc.,Uriel Wolf,michael.ali.london@gmail.com,'07459264413'
251,Dean Foods Company,Rayna Reed,michael.ali.london@gmail.com,'07459264413'
252,Deere & Company,Athena Sullivan,michael.ali.london@gmail.com,'07459264413'
253,Del Monte Foods Co,Harmony Mcguire,michael.ali.london@gmail.com,'07459264413'
254,Dell Computer Corporation,Emery Farrell,michael.ali.london@gmail.com,'07459264413'
255,Delphi Corp.,Anderson Short,michael.ali.london@gmail.com,'07459264413'
256,Delta Air Lines Inc.,Cannon Flynn,michael.ali.london@gmail.com,'07459264413'
257,Deluxe Corporation,Sam Houston,michael.ali.london@gmail.com,'07459264413'
258,Devon Energy Corporation,Emilee Figueroa,michael.ali.london@gmail.com,'07459264413'
259,Di Giorgio Corporation,Halle English,michael.ali.london@gmail.com,'07459264413'
260,Dial Corporation,Vaughn Simpson,michael.ali.london@gmail.com,'07459264413'
261,Diebold Incorporated,Norah Crawford,michael.ali.london@gmail.com,'07459264413'
262,Dillard's Inc.,Madyson Morrow,michael.ali.london@gmail.com,'07459264413'
263,DIMON Incorporated,Lauryn Roberts,michael.ali.london@gmail.com,'07459264413'
264,"Dole Food Company, Inc.",Camren Savage,michael.ali.london@gmail.com,'07459264413'
265,Dollar General Corporation,Sadie Eaton,michael.ali.london@gmail.com,'07459264413'
266,"Dollar Tree Stores, Inc.",Hillary Turner,michael.ali.london@gmail.com,'07459264413'
267,"Dominion Resources, Inc.",Lucas Holland,michael.ali.london@gmail.com,'07459264413'
268,Domino's Pizza LLC,Rigoberto Lucero,michael.ali.london@gmail.com,'07459264413'
269,"Dover Corporation, Inc.",Cedric Joseph,michael.ali.london@gmail.com,'07459264413'
270,Dow Chemical Company,Abby Harrison,michael.ali.london@gmail.com,'07459264413'
271,"Dow Jones & Company, Inc.",Cherish Russo,michael.ali.london@gmail.com,'07459264413'
272,DPL Inc.,Jaden Bartlett,michael.ali.london@gmail.com,'07459264413'
273,DQE Inc.,Ignacio Roth,michael.ali.london@gmail.com,'07459264413'
274,"Dreyer's Grand Ice Cream, Inc.",Cohen Mcfarland,michael.ali.london@gmail.com,'07459264413'
275,"DST Systems, Inc.",Journey Oconnor,michael.ali.london@gmail.com,'07459264413'
276,DTE Energy Co.,Haylie Osborn,michael.ali.london@gmail.com,'07459264413'
277,E.I. Du Pont de Nemours and Company,Maddox Little,michael.ali.london@gmail.com,'07459264413'
278,Duke Energy Corp,Jayvon Tate,michael.ali.london@gmail.com,'07459264413'
279,Dun & Bradstreet Inc.,Damarion Clements,michael.ali.london@gmail.com,'07459264413'
280,DURA Automotive Systems Inc.,Kaiden Coleman,michael.ali.london@gmail.com,'07459264413'
281,DynCorp,Brett Stone,michael.ali.london@gmail.com,'07459264413'
282,Dynegy Inc.,Conrad Marquez,michael.ali.london@gmail.com,'07459264413'
283,"E*Trade Group, Inc.",Luis Glover,michael.ali.london@gmail.com,'07459264413'
284,E.W. Scripps Company,Reuben Shaw,michael.ali.london@gmail.com,'07459264413'
285,"Earthlink, Inc.",Fiona Patel,michael.ali.london@gmail.com,'07459264413'
286,Eastman Chemical Company,Lea Willis,michael.ali.london@gmail.com,'07459264413'
287,Eastman Kodak Company,Vivian Orozco,michael.ali.london@gmail.com,'07459264413'
288,Eaton Corporation,Ricardo Benitez,michael.ali.london@gmail.com,'07459264413'
289,Echostar Communications Corporation,Cyrus Manning,michael.ali.london@gmail.com,'07459264413'
290,Ecolab Inc.,Alessandro Mercado,michael.ali.london@gmail.com,'07459264413'
291,Edison International,Marie Leonard,michael.ali.london@gmail.com,'07459264413'
292,EGL Inc.,Lizeth Townsend,michael.ali.london@gmail.com,'07459264413'
293,El Paso Corporation,Allison Castro,michael.ali.london@gmail.com,'07459264413'
294,Electronic Arts Inc.,Lincoln Cisneros,michael.ali.london@gmail.com,'07459264413'
295,Electronic Data Systems Corp.,Luke Stephenson,michael.ali.london@gmail.com,'07459264413'
296,Eli Lilly and Company,Aryanna Vazquez,michael.ali.london@gmail.com,'07459264413'
297,EMC Corporation,Harry Stuart,michael.ali.london@gmail.com,'07459264413'
298,Emcor Group Inc.,Lennon Robinson,michael.ali.london@gmail.com,'07459264413'
299,Emerson Electric Co.,Joslyn Yoder,michael.ali.london@gmail.com,'07459264413'
300,Encompass Services Corporation,Aydan Morrow,michael.ali.london@gmail.com,'07459264413'
301,Energizer Holdings Inc.,Immanuel Walker,michael.ali.london@gmail.com,'07459264413'
302,Energy East Corporation,Cristal Warner,michael.ali.london@gmail.com,'07459264413'
303,Engelhard Corporation,Gabrielle Villegas,michael.ali.london@gmail.com,'07459264413'
304,Enron Corp.,Miracle Rasmussen,michael.ali.london@gmail.com,'07459264413'
305,Entergy Corporation,Talan Delgado,michael.ali.london@gmail.com,'07459264413'
306,Enterprise Products Partners L.P.,Marlene Elliott,michael.ali.london@gmail.com,'07459264413'
307,"EOG Resources, Inc.",Brayan Owen,michael.ali.london@gmail.com,'07459264413'
308,Equifax Inc.,Sergio Perez,michael.ali.london@gmail.com,'07459264413'
309,Equitable Resources Inc.,Theodore Farmer,michael.ali.london@gmail.com,'07459264413'
310,Equity Office Properties Trust,Stephen Raymond,michael.ali.london@gmail.com,'07459264413'
311,Equity Residential Properties Trust,Brayden Henson,michael.ali.london@gmail.com,'07459264413'
312,Estee Lauder Companies Inc.,David Petty,michael.ali.london@gmail.com,'07459264413'
313,Exelon Corporation,Kathleen Ray,michael.ali.london@gmail.com,'07459264413'
314,Exide Technologies,Axel Li,michael.ali.london@gmail.com,'07459264413'
315,Expeditors International of Washington Inc.,Reginald Kidd,michael.ali.london@gmail.com,'07459264413'
316,Express Scripts Inc.,Ava Ewing,michael.ali.london@gmail.com,'07459264413'
317,ExxonMobil Corporation,Carter Bradshaw,michael.ali.london@gmail.com,'07459264413'
318,Fairchild Semiconductor International Inc.,Renee Flores,michael.ali.london@gmail.com,'07459264413'
319,Family Dollar Stores Inc.,Harold Gamble,michael.ali.london@gmail.com,'07459264413'
320,Farmland Industries Inc.,Sarai Baldwin,michael.ali.london@gmail.com,'07459264413'
321,Federal Mogul Corp.,Tamia Johnson,michael.ali.london@gmail.com,'07459264413'
322,Federated Department Stores Inc.,Nicole Singleton,michael.ali.london@gmail.com,'07459264413'
323,Federal Express Corp.,Easton Singh,michael.ali.london@gmail.com,'07459264413'
324,Felcor Lodging Trust Inc.,Larry Orr,michael.ali.london@gmail.com,'07459264413'
325,Ferro Corp.,Mohammad Hughes,michael.ali.london@gmail.com,'07459264413'
326,Fidelity National Financial Inc.,Savannah Cobb,michael.ali.london@gmail.com,'07459264413'
327,Fifth Third Bancorp,Giovani Nolan,michael.ali.london@gmail.com,'07459264413'
328,First American Financial Corp.,Courtney Hayes,michael.ali.london@gmail.com,'07459264413'
329,First Data Corp.,Enrique Robbins,michael.ali.london@gmail.com,'07459264413'
330,First National of Nebraska Inc.,Alfredo Lester,michael.ali.london@gmail.com,'07459264413'
331,First Tennessee National Corp.,Sophie Frazier,michael.ali.london@gmail.com,'07459264413'
332,FirstEnergy Corp.,Ryland Cooley,michael.ali.london@gmail.com,'07459264413'
333,Fiserv Inc.,Myla Herman,michael.ali.london@gmail.com,'07459264413'
334,Fisher Scientific International Inc.,Luciana Nixon,michael.ali.london@gmail.com,'07459264413'
335,FleetBoston Financial Co.,Kadyn Lara,michael.ali.london@gmail.com,'07459264413'
336,Fleetwood Enterprises Inc.,Antonio Werner,michael.ali.london@gmail.com,'07459264413'
337,Fleming Companies Inc.,Dahlia Kirk,michael.ali.london@gmail.com,'07459264413'
338,Flowers Foods Inc.,Augustus Grant,michael.ali.london@gmail.com,'07459264413'
339,Flowserv Corp,Aria Shepard,michael.ali.london@gmail.com,'07459264413'
340,Fluor Corp,Daniela Walter,michael.ali.london@gmail.com,'07459264413'
341,FMC Corp,Demarcus Wolf,michael.ali.london@gmail.com,'07459264413'
342,Foamex International Inc,Caleb Black,michael.ali.london@gmail.com,'07459264413'
343,Foot Locker Inc,Scarlet Walton,michael.ali.london@gmail.com,'07459264413'
344,Footstar Inc.,Genevieve Wolf,michael.ali.london@gmail.com,'07459264413'
345,Ford Motor Co,Reyna Murphy,michael.ali.london@gmail.com,'07459264413'
346,Forest Laboratories Inc.,Dominic Weiss,michael.ali.london@gmail.com,'07459264413'
347,Fortune Brands Inc.,Connor Mcguire,michael.ali.london@gmail.com,'07459264413'
348,Foster Wheeler Ltd.,Zoey Bray,michael.ali.london@gmail.com,'07459264413'
349,FPL Group Inc.,Titus David,michael.ali.london@gmail.com,'07459264413'
350,Franklin Resources Inc.,Samantha Weaver,michael.ali.london@gmail.com,'07459264413'
351,Freeport McMoran Copper & Gold Inc.,Beau Macias,michael.ali.london@gmail.com,'07459264413'
352,Frontier Oil Corp,Talon Bass,michael.ali.london@gmail.com,'07459264413'
353,Furniture Brands International Inc.,Selina Flowers,michael.ali.london@gmail.com,'07459264413'
354,"Gannett Co., Inc.",Holly Hendrix,michael.ali.london@gmail.com,'07459264413'
355,Gap Inc.,Claudia Soto,michael.ali.london@gmail.com,'07459264413'
356,Gateway Inc.,Dax Rowe,michael.ali.london@gmail.com,'07459264413'
357,GATX Corporation,Ari Booth,michael.ali.london@gmail.com,'07459264413'
358,Gemstar-TV Guide International Inc.,Randall Curtis,michael.ali.london@gmail.com,'07459264413'
359,GenCorp Inc.,Meadow Shaffer,michael.ali.london@gmail.com,'07459264413'
360,General Cable Corporation,Layla Hutchinson,michael.ali.london@gmail.com,'07459264413'
361,General Dynamics Corporation,Brady Love,michael.ali.london@gmail.com,'07459264413'
362,General Electric Company,Jamir Nunez,michael.ali.london@gmail.com,'07459264413'
363,General Mills Inc,Santos Costa,michael.ali.london@gmail.com,'07459264413'
364,General Motors Corporation,Kelvin Bowman,michael.ali.london@gmail.com,'07459264413'
365,Genesis Health Ventures Inc.,Gordon Houston,michael.ali.london@gmail.com,'07459264413'
366,Gentek Inc.,Angel Vargas,michael.ali.london@gmail.com,'07459264413'
367,Gentiva Health Services Inc.,Amanda Lara,michael.ali.london@gmail.com,'07459264413'
368,Genuine Parts Company,Rishi Phelps,michael.ali.london@gmail.com,'07459264413'
369,Genuity Inc.,Chasity Horn,michael.ali.london@gmail.com,'07459264413'
370,Genzyme Corporation,Alberto Glover,michael.ali.london@gmail.com,'07459264413'
371,Georgia Gulf Corporation,Kamryn Clay,michael.ali.london@gmail.com,'07459264413'
372,Georgia-Pacific Corporation,Alexzander James,michael.ali.london@gmail.com,'07459264413'
373,Gillette Company,Amelia Stephens,michael.ali.london@gmail.com,'07459264413'
374,Gold Kist Inc.,Laci Trujillo,michael.ali.london@gmail.com,'07459264413'
375,Golden State Bancorp Inc.,Braedon Blake,michael.ali.london@gmail.com,'07459264413'
376,Golden West Financial Corporation,Gianna Petersen,michael.ali.london@gmail.com,'07459264413'
377,Goldman Sachs Group Inc.,Dania Gross,michael.ali.london@gmail.com,'07459264413'
378,Goodrich Corporation,Nicholas Reid,michael.ali.london@gmail.com,'07459264413'
379,The Goodyear Tire & Rubber Company,Kareem Chang,michael.ali.london@gmail.com,'07459264413'
380,Granite Construction Incorporated,Bradyn Charles,michael.ali.london@gmail.com,'07459264413'
381,Graybar Electric Company Inc.,Gunnar Nolan,michael.ali.london@gmail.com,'07459264413'
382,Great Lakes Chemical Corporation,Hugo Werner,michael.ali.london@gmail.com,'07459264413'
383,Great Plains Energy Inc.,Reina Herman,michael.ali.london@gmail.com,'07459264413'
384,GreenPoint Financial Corp.,Drew Roach,michael.ali.london@gmail.com,'07459264413'
385,Greif Bros. Corporation,Marlene Lara,michael.ali.london@gmail.com,'07459264413'
386,Grey Global Group Inc.,Camryn Medina,michael.ali.london@gmail.com,'07459264413'
387,Group 1 Automotive Inc.,Turner Strickland,michael.ali.london@gmail.com,'07459264413'
388,Guidant Corporation,Maximus Chase,michael.ali.london@gmail.com,'07459264413'
389,H&R Block Inc.,Joselyn Robertson,michael.ali.london@gmail.com,'07459264413'
390,H.B. Fuller Company,Zackary Werner,michael.ali.london@gmail.com,'07459264413'
391,H.J. Heinz Company,Chad Bentley,michael.ali.london@gmail.com,'07459264413'
392,Halliburton Co.,Finley Hood,michael.ali.london@gmail.com,'07459264413'
393,Harley-Davidson Inc.,Arabella Hopkins,michael.ali.london@gmail.com,'07459264413'
394,Harman International Industries Inc.,Albert Howell,michael.ali.london@gmail.com,'07459264413'
395,Harrah's Entertainment Inc.,Maurice Mann,michael.ali.london@gmail.com,'07459264413'
396,Harris Corp.,Bronson Meza,michael.ali.london@gmail.com,'07459264413'
397,Harsco Corp.,Nolan Hester,michael.ali.london@gmail.com,'07459264413'
398,Hartford Financial Services Group Inc.,Zane Calhoun,michael.ali.london@gmail.com,'07459264413'
399,Hasbro Inc.,Deshawn Mcclain,michael.ali.london@gmail.com,'07459264413'
400,Hawaiian Electric Industries Inc.,Gauge Parker,michael.ali.london@gmail.com,'07459264413'
401,HCA Inc.,Karla Mullen,michael.ali.london@gmail.com,'07459264413'
402,Health Management Associates Inc.,Jade Harmon,michael.ali.london@gmail.com,'07459264413'
403,Health Net Inc.,Jagger Hunt,michael.ali.london@gmail.com,'07459264413'
404,Healthsouth Corp,Malia Roach,michael.ali.london@gmail.com,'07459264413'
405,Henry Schein Inc.,Mallory Pearson,michael.ali.london@gmail.com,'07459264413'
406,Hercules Inc.,Rowan Gallagher,michael.ali.london@gmail.com,'07459264413'
407,Herman Miller Inc.,Emilie Collier,michael.ali.london@gmail.com,'07459264413'
408,Hershey Foods Corp.,Lee Wall,michael.ali.london@gmail.com,'07459264413'
409,Hewlett-Packard Company,Cassie Bowen,michael.ali.london@gmail.com,'07459264413'
410,Hibernia Corp.,Skylar Howe,michael.ali.london@gmail.com,'07459264413'
411,Hillenbrand Industries Inc.,Brice Chen,michael.ali.london@gmail.com,'07459264413'
412,Hilton Hotels Corp.,Jacqueline Robbins,michael.ali.london@gmail.com,'07459264413'
413,Hollywood Entertainment Corp.,Frederick Beasley,michael.ali.london@gmail.com,'07459264413'
414,Home Depot Inc.,Warren Ho,michael.ali.london@gmail.com,'07459264413'
415,Hon Industries Inc.,Harry Finley,michael.ali.london@gmail.com,'07459264413'
416,Honeywell International Inc.,Monica Spence,michael.ali.london@gmail.com,'07459264413'
417,Hormel Foods Corp.,Dante Hopkins,michael.ali.london@gmail.com,'07459264413'
418,Host Marriott Corp.,Lorenzo Abbott,michael.ali.london@gmail.com,'07459264413'
419,Household International Corp.,Bryant Caldwell,michael.ali.london@gmail.com,'07459264413'
420,Hovnanian Enterprises Inc.,Jaylon Steele,michael.ali.london@gmail.com,'07459264413'
421,Hub Group Inc.,Jadyn Sharp,michael.ali.london@gmail.com,'07459264413'
422,Hubbell Inc.,Terrell Owen,michael.ali.london@gmail.com,'07459264413'
423,Hughes Supply Inc.,Carley Larson,michael.ali.london@gmail.com,'07459264413'
424,Humana Inc.,Madden Cummings,michael.ali.london@gmail.com,'07459264413'
425,Huntington Bancshares Inc.,Karter Newman,michael.ali.london@gmail.com,'07459264413'
426,Idacorp Inc.,Brynlee Santos,michael.ali.london@gmail.com,'07459264413'
427,IDT Corporation,Leon Short,michael.ali.london@gmail.com,'07459264413'
428,IKON Office Solutions Inc.,Keagan Trujillo,michael.ali.london@gmail.com,'07459264413'
429,Illinois Tool Works Inc.,Raven Yu,michael.ali.london@gmail.com,'07459264413'
430,IMC Global Inc.,Reginald Ward,michael.ali.london@gmail.com,'07459264413'
431,Imperial Sugar Company,Bo Pena,michael.ali.london@gmail.com,'07459264413'
432,IMS Health Inc.,Stanley Kim,michael.ali.london@gmail.com,'07459264413'
433,Ingles Market Inc,Donte Curry,michael.ali.london@gmail.com,'07459264413'
434,Ingram Micro Inc.,Rene Williamson,michael.ali.london@gmail.com,'07459264413'
435,Insight Enterprises Inc.,Samir Huang,michael.ali.london@gmail.com,'07459264413'
436,Integrated Electrical Services Inc.,Alanna Sanchez,michael.ali.london@gmail.com,'07459264413'
437,Intel Corporation,Russell Mata,michael.ali.london@gmail.com,'07459264413'
438,International Paper Co.,Tyrell Malone,michael.ali.london@gmail.com,'07459264413'
439,Interpublic Group of Companies Inc.,Darrell Fry,michael.ali.london@gmail.com,'07459264413'
440,Interstate Bakeries Corporation,Hailie Holland,michael.ali.london@gmail.com,'07459264413'
441,International Business Machines Corp.,Elise Carr,michael.ali.london@gmail.com,'07459264413'
442,International Flavors & Fragrances Inc.,Damari Delgado,michael.ali.london@gmail.com,'07459264413'
443,International Multifoods Corporation,Corey Parks,michael.ali.london@gmail.com,'07459264413'
444,Intuit Inc.,Julius Shea,michael.ali.london@gmail.com,'07459264413'
445,IT Group Inc.,Leonidas Stafford,michael.ali.london@gmail.com,'07459264413'
446,ITT Industries Inc.,Chelsea Shields,michael.ali.london@gmail.com,'07459264413'
447,Ivax Corp.,Garrett Salinas,michael.ali.london@gmail.com,'07459264413'
448,J.B. Hunt Transport Services Inc.,Cristopher Durham,michael.ali.london@gmail.com,'07459264413'
449,J.C. Penny Co.,Arianna Maynard,michael.ali.london@gmail.com,'07459264413'
450,J.P. Morgan Chase & Co.,Aryan Morrison,michael.ali.london@gmail.com,'07459264413'
451,Jabil Circuit Inc.,Kinsley Walker,michael.ali.london@gmail.com,'07459264413'
452,Jack In The Box Inc.,Kassandra Farley,michael.ali.london@gmail.com,'07459264413'
453,Jacobs Engineering Group Inc.,Liliana Meyers,michael.ali.london@gmail.com,'07459264413'
454,JDS Uniphase Corp.,Alec Haynes,michael.ali.london@gmail.com,'07459264413'
455,Jefferson-Pilot Co.,Miguel Schroeder,michael.ali.london@gmail.com,'07459264413'
456,John Hancock Financial Services Inc.,Asher Frey,michael.ali.london@gmail.com,'07459264413'
457,Johnson & Johnson,Sammy Lewis,michael.ali.london@gmail.com,'07459264413'
458,Johnson Controls Inc.,Coleman Hartman,michael.ali.london@gmail.com,'07459264413'
459,Jones Apparel Group Inc.,Jairo Fuller,michael.ali.london@gmail.com,'07459264413'
460,KB Home,Richard Ray,michael.ali.london@gmail.com,'07459264413'
461,Kellogg Company,Savion Kline,michael.ali.london@gmail.com,'07459264413'
462,Kellwood Company,Nataly Alvarez,michael.ali.london@gmail.com,'07459264413'
463,Kelly Services Inc.,Malakai Gates,michael.ali.london@gmail.com,'07459264413'
464,Kemet Corp.,Harrison Pollard,michael.ali.london@gmail.com,'07459264413'
465,Kennametal Inc.,Brynn Cooley,michael.ali.london@gmail.com,'07459264413'
466,Kerr-McGee Corporation,Caroline Park,michael.ali.london@gmail.com,'07459264413'
467,KeyCorp,Kael Glass,michael.ali.london@gmail.com,'07459264413'
468,KeySpan Corp.,Nancy Rosario,michael.ali.london@gmail.com,'07459264413'
469,Kimball International Inc.,Neil Pruitt,michael.ali.london@gmail.com,'07459264413'
470,Kimberly-Clark Corporation,Kamron Warner,michael.ali.london@gmail.com,'07459264413'
471,Kindred Healthcare Inc.,Precious Green,michael.ali.london@gmail.com,'07459264413'
472,KLA-Tencor Corporation,Miguel Rivas,michael.ali.london@gmail.com,'07459264413'
473,K-Mart Corp.,Brogan Richard,michael.ali.london@gmail.com,'07459264413'
474,Knight-Ridder Inc.,Octavio Mcknight,michael.ali.london@gmail.com,'07459264413'
475,Kohl's Corp.,Joey Herring,michael.ali.london@gmail.com,'07459264413'
476,KPMG Consulting Inc.,Tyree Duran,michael.ali.london@gmail.com,'07459264413'
477,Kroger Co.,Miley Small,michael.ali.london@gmail.com,'07459264413'
478,L-3 Communications Holdings Inc.,Dakota Blair,michael.ali.london@gmail.com,'07459264413'
479,Laboratory Corporation of America Holdings,Logan Moss,michael.ali.london@gmail.com,'07459264413'
480,Lam Research Corporation,Kristen Floyd,michael.ali.london@gmail.com,'07459264413'
481,LandAmerica Financial Group Inc.,Ryland Bentley,michael.ali.london@gmail.com,'07459264413'
482,Lands' End Inc.,Drake Lin,michael.ali.london@gmail.com,'07459264413'
483,Landstar System Inc.,Gwendolyn Wyatt,michael.ali.london@gmail.com,'07459264413'
484,La-Z-Boy Inc.,Teagan Gregory,michael.ali.london@gmail.com,'07459264413'
485,Lear Corporation,Ian Olson,michael.ali.london@gmail.com,'07459264413'
486,Legg Mason Inc.,Shyann Ramirez,michael.ali.london@gmail.com,'07459264413'
487,Leggett & Platt Inc.,Riley Carson,michael.ali.london@gmail.com,'07459264413'
488,Lehman Brothers Holdings Inc.,Cecelia Strong,michael.ali.london@gmail.com,'07459264413'
489,Lennar Corporation,Terrance David,michael.ali.london@gmail.com,'07459264413'
490,Lennox International Inc.,Joanna Gordon,michael.ali.london@gmail.com,'07459264413'
491,Level 3 Communications Inc.,Arianna Farley,michael.ali.london@gmail.com,'07459264413'
492,Levi Strauss & Co.,Ben Blackwell,michael.ali.london@gmail.com,'07459264413'
493,Lexmark International Inc.,Luka Ramirez,michael.ali.london@gmail.com,'07459264413'
494,Limited Inc.,Janelle Suarez,michael.ali.london@gmail.com,'07459264413'
495,Lincoln National Corporation,Mylee Combs,michael.ali.london@gmail.com,'07459264413'
496,Linens 'n Things Inc.,Alonso Harding,michael.ali.london@gmail.com,'07459264413'
497,Lithia Motors Inc.,Zaiden Carpenter,michael.ali.london@gmail.com,'07459264413'
498,Liz Claiborne Inc.,Julianne Wyatt,michael.ali.london@gmail.com,'07459264413'
499,Lockheed Martin Corporation,Leia Solis,michael.ali.london@gmail.com,'07459264413'
500,Loews Corporation,Lia Rubio,michael.ali.london@gmail.com,'07459264413'
501,Longs Drug Stores Corporation,Lilia Cooper,michael.ali.london@gmail.com,'07459264413'
502,Louisiana-Pacific Corporation,Marquis Fowler,michael.ali.london@gmail.com,'07459264413'
503,Lowe's Companies Inc.,Tyree Meadows,michael.ali.london@gmail.com,'07459264413'
504,LSI Logic Corporation,Fabian Grimes,michael.ali.london@gmail.com,'07459264413'
505,The LTV Corporation,Ana Mcmahon,michael.ali.london@gmail.com,'07459264413'
506,The Lubrizol Corporation,Jose Wang,michael.ali.london@gmail.com,'07459264413'
507,Lucent Technologies Inc.,Cedric Jarvis,michael.ali.london@gmail.com,'07459264413'
508,Lyondell Chemical Company,Cannon Oconnor,michael.ali.london@gmail.com,'07459264413'
509,M & T Bank Corporation,Steven Gates,michael.ali.london@gmail.com,'07459264413'
510,Magellan Health Services Inc.,Carlo Mccoy,michael.ali.london@gmail.com,'07459264413'
511,Mail-Well Inc.,Damari Patton,michael.ali.london@gmail.com,'07459264413'
512,Mandalay Resort Group,Aydin Dalton,michael.ali.london@gmail.com,'07459264413'
513,Manor Care Inc.,Kallie Hurley,michael.ali.london@gmail.com,'07459264413'
514,Manpower Inc.,Ryann Fields,michael.ali.london@gmail.com,'07459264413'
515,Marathon Oil Corporation,Joyce Hughes,michael.ali.london@gmail.com,'07459264413'
516,Mariner Health Care Inc.,Chloe Velasquez,michael.ali.london@gmail.com,'07459264413'
517,Markel Corporation,Briley Cabrera,michael.ali.london@gmail.com,'07459264413'
518,Marriott International Inc.,Addison Miller,michael.ali.london@gmail.com,'07459264413'
519,Marsh & McLennan Companies Inc.,Cesar David,michael.ali.london@gmail.com,'07459264413'
520,Marsh Supermarkets Inc.,Mckenna Jacobson,michael.ali.london@gmail.com,'07459264413'
521,Marshall & Ilsley Corporation,Lisa Espinoza,michael.ali.london@gmail.com,'07459264413'
522,Martin Marietta Materials Inc.,Luna Harris,michael.ali.london@gmail.com,'07459264413'
523,Masco Corporation,Elisabeth Drake,michael.ali.london@gmail.com,'07459264413'
524,Massey Energy Company,Audrey Huang,michael.ali.london@gmail.com,'07459264413'
525,MasTec Inc.,Arely Bishop,michael.ali.london@gmail.com,'07459264413'
526,Mattel Inc.,Hamza Hays,michael.ali.london@gmail.com,'07459264413'
527,Maxim Integrated Products Inc.,Emanuel Brennan,michael.ali.london@gmail.com,'07459264413'
528,Maxtor Corporation,Zion Patterson,michael.ali.london@gmail.com,'07459264413'
529,Maxxam Inc.,Chloe Carr,michael.ali.london@gmail.com,'07459264413'
530,The May Department Stores Company,Maxwell Hinton,michael.ali.london@gmail.com,'07459264413'
531,Maytag Corporation,Jairo Brown,michael.ali.london@gmail.com,'07459264413'
532,MBNA Corporation,Sharon Pham,michael.ali.london@gmail.com,'07459264413'
533,McCormick & Company Incorporated,Makai Waller,michael.ali.london@gmail.com,'07459264413'
534,McDonald's Corporation,Dillan Perry,michael.ali.london@gmail.com,'07459264413'
535,The McGraw-Hill Companies Inc.,Misael Mitchell,michael.ali.london@gmail.com,'07459264413'
536,McKesson Corporation,Kamryn Goodman,michael.ali.london@gmail.com,'07459264413'
537,McLeodUSA Incorporated,Marely Neal,michael.ali.london@gmail.com,'07459264413'
538,M.D.C. Holdings Inc.,Bradley Conrad,michael.ali.london@gmail.com,'07459264413'
539,MDU Resources Group Inc.,Leonardo Ware,michael.ali.london@gmail.com,'07459264413'
540,MeadWestvaco Corporation,Brenna Booth,michael.ali.london@gmail.com,'07459264413'
541,Medtronic Inc.,Saige Watts,michael.ali.london@gmail.com,'07459264413'
542,Mellon Financial Corporation,Quinton Rollins,michael.ali.london@gmail.com,'07459264413'
543,The Men's Wearhouse Inc.,Denise Prince,michael.ali.london@gmail.com,'07459264413'
544,"Merck & Co., Inc.",Maurice Grimes,michael.ali.london@gmail.com,'07459264413'
545,Mercury General Corporation,Nathaniel Pittman,michael.ali.london@gmail.com,'07459264413'
546,Merrill Lynch & Co. Inc.,Eleanor Cervantes,michael.ali.london@gmail.com,'07459264413'
547,Metaldyne Corporation,Kendall Walls,michael.ali.london@gmail.com,'07459264413'
548,Metals USA Inc.,Imani Callahan,michael.ali.london@gmail.com,'07459264413'
549,MetLife Inc.,Sammy Kerr,michael.ali.london@gmail.com,'07459264413'
550,Metris Companies Inc,Eva Schultz,michael.ali.london@gmail.com,'07459264413'
551,MGIC Investment Corporation,Adalyn Kirk,michael.ali.london@gmail.com,'07459264413'
552,MGM Mirage,Devon Conrad,michael.ali.london@gmail.com,'07459264413'
553,Michaels Stores Inc.,Erik Vang,michael.ali.london@gmail.com,'07459264413'
554,Micron Technology Inc.,Payton Bass,michael.ali.london@gmail.com,'07459264413'
555,Microsoft Corporation,Lane Baker,michael.ali.london@gmail.com,'07459264413'
556,Milacron Inc.,Trevor Hanna,michael.ali.london@gmail.com,'07459264413'
557,Millennium Chemicals Inc.,Mylee Lyons,michael.ali.london@gmail.com,'07459264413'
558,Mirant Corporation,Catherine Wood,michael.ali.london@gmail.com,'07459264413'
559,Mohawk Industries Inc.,Monica Berg,michael.ali.london@gmail.com,'07459264413'
560,Molex Incorporated,Patrick Lucero,michael.ali.london@gmail.com,'07459264413'
561,The MONY Group Inc.,Judah Whitehead,michael.ali.london@gmail.com,'07459264413'
562,Morgan Stanley Dean Witter & Co.,Dahlia Hubbard,michael.ali.london@gmail.com,'07459264413'
563,Motorola Inc.,Giovanna Casey,michael.ali.london@gmail.com,'07459264413'
564,MPS Group Inc.,Iris Foster,michael.ali.london@gmail.com,'07459264413'
565,Murphy Oil Corporation,Monica Kim,michael.ali.london@gmail.com,'07459264413'
566,Nabors Industries Inc,Zion Osborn,michael.ali.london@gmail.com,'07459264413'
567,Nacco Industries Inc,Micah Blackburn,michael.ali.london@gmail.com,'07459264413'
568,Nash Finch Company,Slade Rivera,michael.ali.london@gmail.com,'07459264413'
569,National City Corp.,Ava Carroll,michael.ali.london@gmail.com,'07459264413'
570,National Commerce Financial Corporation,Kaleb Camacho,michael.ali.london@gmail.com,'07459264413'
571,National Fuel Gas Company,Kylee Haas,michael.ali.london@gmail.com,'07459264413'
572,National Oilwell Inc,Kamora Schneider,michael.ali.london@gmail.com,'07459264413'
573,National Rural Utilities Cooperative Finance Corporation,Darrell Gregory,michael.ali.london@gmail.com,'07459264413'
574,National Semiconductor Corporation,Norah Richmond,michael.ali.london@gmail.com,'07459264413'
575,National Service Industries Inc,Kenya Brewer,michael.ali.london@gmail.com,'07459264413'
576,Navistar International Corporation,Maleah Lin,michael.ali.london@gmail.com,'07459264413'
577,NCR Corporation,Donna Davidson,michael.ali.london@gmail.com,'07459264413'
578,The Neiman Marcus Group Inc.,Kody Raymond,michael.ali.london@gmail.com,'07459264413'
579,New Jersey Resources Corporation,Ayla Castaneda,michael.ali.london@gmail.com,'07459264413'
580,New York Times Company,Hadley Hess,michael.ali.london@gmail.com,'07459264413'
581,Newell Rubbermaid Inc,Quinn Hancock,michael.ali.london@gmail.com,'07459264413'
582,Newmont Mining Corporation,Gerald Sullivan,michael.ali.london@gmail.com,'07459264413'
583,Nextel Communications Inc,Allyson Casey,michael.ali.london@gmail.com,'07459264413'
584,Nicor Inc,Deacon Irwin,michael.ali.london@gmail.com,'07459264413'
585,Nike Inc,Damari Pruitt,michael.ali.london@gmail.com,'07459264413'
586,NiSource Inc,Zayden Mckay,michael.ali.london@gmail.com,'07459264413'
587,Noble Energy Inc,Savion Moore,michael.ali.london@gmail.com,'07459264413'
588,Nordstrom Inc,Madelynn Orozco,michael.ali.london@gmail.com,'07459264413'
589,Norfolk Southern Corporation,Randy Reynolds,michael.ali.london@gmail.com,'07459264413'
590,Nortek Inc,Danica Petersen,michael.ali.london@gmail.com,'07459264413'
591,North Fork Bancorporation Inc,Reagan Mcgee,michael.ali.london@gmail.com,'07459264413'
592,Northeast Utilities System,Gabriella Murray,michael.ali.london@gmail.com,'07459264413'
593,Northern Trust Corporation,Itzel Blake,michael.ali.london@gmail.com,'07459264413'
594,Northrop Grumman Corporation,Kyson Chen,michael.ali.london@gmail.com,'07459264413'
595,NorthWestern Corporation,Cason Cohen,michael.ali.london@gmail.com,'07459264413'
596,Novellus Systems Inc,Brendon Farley,michael.ali.london@gmail.com,'07459264413'
597,NSTAR,Phoenix Hayes,michael.ali.london@gmail.com,'07459264413'
598,NTL Incorporated,Nicolas Spencer,michael.ali.london@gmail.com,'07459264413'
599,Nucor Corp,Laylah Herring,michael.ali.london@gmail.com,'07459264413'
600,Nvidia Corp,Perla House,michael.ali.london@gmail.com,'07459264413'
601,NVR Inc,Haven Ho,michael.ali.london@gmail.com,'07459264413'
602,Northwest Airlines Corp,Taylor Haas,michael.ali.london@gmail.com,'07459264413'
603,Occidental Petroleum Corp,Luke Giles,michael.ali.london@gmail.com,'07459264413'
604,Ocean Energy Inc,Amiya Kemp,michael.ali.london@gmail.com,'07459264413'
605,Office Depot Inc.,Jakayla Ortega,michael.ali.london@gmail.com,'07459264413'
606,OfficeMax Inc,Maria Velez,michael.ali.london@gmail.com,'07459264413'
607,OGE Energy Corp,Scarlet Nunez,michael.ali.london@gmail.com,'07459264413'
608,Oglethorpe Power Corp.,Carla Buckley,michael.ali.london@gmail.com,'07459264413'
609,Ohio Casualty Corp.,Kayden Esparza,michael.ali.london@gmail.com,'07459264413'
610,Old Republic International Corp.,Naomi Crane,michael.ali.london@gmail.com,'07459264413'
611,Olin Corp.,Marco Cline,michael.ali.london@gmail.com,'07459264413'
612,OM Group Inc,Maddison Kirk,michael.ali.london@gmail.com,'07459264413'
613,Omnicare Inc,Mara Cooke,michael.ali.london@gmail.com,'07459264413'
614,Omnicom Group,Darien Odom,michael.ali.london@gmail.com,'07459264413'
615,On Semiconductor Corp,Eileen Wagner,michael.ali.london@gmail.com,'07459264413'
616,ONEOK Inc,Luz Rubio,michael.ali.london@gmail.com,'07459264413'
617,Oracle Corp,Cale Walters,michael.ali.london@gmail.com,'07459264413'
618,Oshkosh Truck Corp,Malia Valentine,michael.ali.london@gmail.com,'07459264413'
619,Outback Steakhouse Inc.,Zaid Cox,michael.ali.london@gmail.com,'07459264413'
620,Owens & Minor Inc.,Tyree English,michael.ali.london@gmail.com,'07459264413'
621,Owens Corning,Joanna Khan,michael.ali.london@gmail.com,'07459264413'
622,Owens-Illinois Inc,Ralph Lang,michael.ali.london@gmail.com,'07459264413'
623,Oxford Health Plans Inc,Bo Yang,michael.ali.london@gmail.com,'07459264413'
624,Paccar Inc,Armani Daniels,michael.ali.london@gmail.com,'07459264413'
625,PacifiCare Health Systems Inc,Jaqueline Rich,michael.ali.london@gmail.com,'07459264413'
626,Packaging Corp. of America,Ana Holden,michael.ali.london@gmail.com,'07459264413'
627,Pactiv Corp,Pierre Mullen,michael.ali.london@gmail.com,'07459264413'
628,Pall Corp,Emery Blanchard,michael.ali.london@gmail.com,'07459264413'
629,Pantry Inc,Raiden Lutz,michael.ali.london@gmail.com,'07459264413'
630,Park Place Entertainment Corp,Andreas Merritt,michael.ali.london@gmail.com,'07459264413'
631,Parker Hannifin Corp.,Mathias Leonard,michael.ali.london@gmail.com,'07459264413'
632,Pathmark Stores Inc.,Jadyn Rhodes,michael.ali.london@gmail.com,'07459264413'
633,Paychex Inc,Dominique Garrett,michael.ali.london@gmail.com,'07459264413'
634,Payless Shoesource Inc,Lizbeth Dillon,michael.ali.london@gmail.com,'07459264413'
635,Penn Traffic Co.,Kristina Leblanc,michael.ali.london@gmail.com,'07459264413'
636,Pennzoil-Quaker State Company,Holly Bryant,michael.ali.london@gmail.com,'07459264413'
637,Pentair Inc,Javon Murillo,michael.ali.london@gmail.com,'07459264413'
638,Peoples Energy Corp.,Emely Moses,michael.ali.london@gmail.com,'07459264413'
639,PeopleSoft Inc,Calvin Glass,michael.ali.london@gmail.com,'07459264413'
640,"Pep Boys Manny, Moe & Jack",Kaitlin Barker,michael.ali.london@gmail.com,'07459264413'
641,Potomac Electric Power Co.,Demarcus Mcintyre,michael.ali.london@gmail.com,'07459264413'
642,Pepsi Bottling Group Inc.,Abbie Arias,michael.ali.london@gmail.com,'07459264413'
643,PepsiAmericas Inc.,Sophia Cole,michael.ali.london@gmail.com,'07459264413'
644,PepsiCo Inc.,Draven Gray,michael.ali.london@gmail.com,'07459264413'
645,Performance Food Group Co.,Amani Gross,michael.ali.london@gmail.com,'07459264413'
646,Perini Corp,Yaritza Sharp,michael.ali.london@gmail.com,'07459264413'
647,PerkinElmer Inc,Celia Hubbard,michael.ali.london@gmail.com,'07459264413'
648,Perot Systems Corp,Jayda Mcgee,michael.ali.london@gmail.com,'07459264413'
649,Petco Animal Supplies Inc.,Ahmed Warren,michael.ali.london@gmail.com,'07459264413'
650,"Peter Kiewit Sons', Inc.",Ciara Orr,michael.ali.london@gmail.com,'07459264413'
651,PETsMART Inc,Meredith Galvan,michael.ali.london@gmail.com,'07459264413'
652,Pfizer Inc,Colten Boyle,michael.ali.london@gmail.com,'07459264413'
653,Pacific Gas & Electric Corp.,Cole Bird,michael.ali.london@gmail.com,'07459264413'
654,Pharmacia Corp,Zoie Arias,michael.ali.london@gmail.com,'07459264413'
655,Phar Mor Inc.,Kamren Branch,michael.ali.london@gmail.com,'07459264413'
656,Phelps Dodge Corp.,Kamila Thompson,michael.ali.london@gmail.com,'07459264413'
657,Philip Morris Companies Inc.,Rosa Vega,michael.ali.london@gmail.com,'07459264413'
658,Phillips Petroleum Co,Amanda Stout,michael.ali.london@gmail.com,'07459264413'
659,Phillips Van Heusen Corp.,George Horne,michael.ali.london@gmail.com,'07459264413'
660,Phoenix Companies Inc,Omari Payne,michael.ali.london@gmail.com,'07459264413'
661,Pier 1 Imports Inc.,Helena Leonard,michael.ali.london@gmail.com,'07459264413'
662,Pilgrim's Pride Corporation,Hayley Berry,michael.ali.london@gmail.com,'07459264413'
663,Pinnacle West Capital Corp,Reed Frye,michael.ali.london@gmail.com,'07459264413'
664,Pioneer-Standard Electronics Inc.,Kelly Bond,michael.ali.london@gmail.com,'07459264413'
665,Pitney Bowes Inc.,Caitlyn Gordon,michael.ali.london@gmail.com,'07459264413'
666,Pittston Brinks Group,Slade Bates,michael.ali.london@gmail.com,'07459264413'
667,Plains All American Pipeline LP,Brennen Griffith,michael.ali.london@gmail.com,'07459264413'
668,PNC Financial Services Group Inc.,Lara Saunders,michael.ali.london@gmail.com,'07459264413'
669,PNM Resources Inc,Damon Chandler,michael.ali.london@gmail.com,'07459264413'
670,Polaris Industries Inc.,Salvatore Riddle,michael.ali.london@gmail.com,'07459264413'
671,Polo Ralph Lauren Corp,Carolina Kennedy,michael.ali.london@gmail.com,'07459264413'
672,PolyOne Corp,Camren Werner,michael.ali.london@gmail.com,'07459264413'
673,Popular Inc,Antonio Miller,michael.ali.london@gmail.com,'07459264413'
674,Potlatch Corp,Corbin Oneal,michael.ali.london@gmail.com,'07459264413'
675,PPG Industries Inc,Karley Phelps,michael.ali.london@gmail.com,'07459264413'
676,PPL Corp,Riley Benjamin,michael.ali.london@gmail.com,'07459264413'
677,Praxair Inc,Phoebe Middleton,michael.ali.london@gmail.com,'07459264413'
678,Precision Castparts Corp,Cory Colon,michael.ali.london@gmail.com,'07459264413'
679,Premcor Inc.,Savion Poole,michael.ali.london@gmail.com,'07459264413'
680,Pride International Inc,Owen Delgado,michael.ali.london@gmail.com,'07459264413'
681,Primedia Inc,Sebastian Bonilla,michael.ali.london@gmail.com,'07459264413'
682,Principal Financial Group Inc.,Eleanor Schmidt,michael.ali.london@gmail.com,'07459264413'
683,Procter & Gamble Co.,Paulina Mayer,michael.ali.london@gmail.com,'07459264413'
684,Pro-Fac Cooperative Inc.,Shyanne Cline,michael.ali.london@gmail.com,'07459264413'
685,Progress Energy Inc,Yesenia Rush,michael.ali.london@gmail.com,'07459264413'
686,Progressive Corporation,Kolby Vasquez,michael.ali.london@gmail.com,'07459264413'
687,Protective Life Corp,Jalen Rios,michael.ali.london@gmail.com,'07459264413'
688,Provident Financial Group,Nicholas Weeks,michael.ali.london@gmail.com,'07459264413'
689,Providian Financial Corp.,Carolyn Powers,michael.ali.london@gmail.com,'07459264413'
690,Prudential Financial Inc.,Karli Saunders,michael.ali.london@gmail.com,'07459264413'
691,PSS World Medical Inc,Sophia Campbell,michael.ali.london@gmail.com,'07459264413'
692,Public Service Enterprise Group Inc.,Yahir Mann,michael.ali.london@gmail.com,'07459264413'
693,Publix Super Markets Inc.,Luna Barr,michael.ali.london@gmail.com,'07459264413'
694,Puget Energy Inc.,Tiffany Farrell,michael.ali.london@gmail.com,'07459264413'
695,Pulte Homes Inc,Lilly Murillo,michael.ali.london@gmail.com,'07459264413'
696,Qualcomm Inc,Addyson Lara,michael.ali.london@gmail.com,'07459264413'
697,Quanta Services Inc.,Jason Shaw,michael.ali.london@gmail.com,'07459264413'
698,Quantum Corp,Shirley Walters,michael.ali.london@gmail.com,'07459264413'
699,Quest Diagnostics Inc.,Gilbert Duarte,michael.ali.london@gmail.com,'07459264413'
700,Questar Corp,Skyla Castaneda,michael.ali.london@gmail.com,'07459264413'
701,Quintiles Transnational,Maxwell Pineda,michael.ali.london@gmail.com,'07459264413'
702,Qwest Communications Intl Inc,Kadin Johnston,michael.ali.london@gmail.com,'07459264413'
703,R.J. Reynolds Tobacco Company,Olivia Herman,michael.ali.london@gmail.com,'07459264413'
704,R.R. Donnelley & Sons Company,Shiloh Watkins,michael.ali.london@gmail.com,'07459264413'
705,Radio Shack Corporation,Khloe Cantu,michael.ali.london@gmail.com,'07459264413'
706,Raymond James Financial Inc.,Chanel Leblanc,michael.ali.london@gmail.com,'07459264413'
707,Raytheon Company,Jayda Whitney,michael.ali.london@gmail.com,'07459264413'
708,Reader's Digest Association Inc.,Isabella Andrade,michael.ali.london@gmail.com,'07459264413'
709,Reebok International Ltd.,Colten Potts,michael.ali.london@gmail.com,'07459264413'
710,Regions Financial Corp.,Anthony Welch,michael.ali.london@gmail.com,'07459264413'
711,Regis Corporation,John Lang,michael.ali.london@gmail.com,'07459264413'
712,Reliance Steel & Aluminum Co.,Tyrese Mendoza,michael.ali.london@gmail.com,'07459264413'
713,Reliant Energy Inc.,Giovanna Allen,michael.ali.london@gmail.com,'07459264413'
714,Rent A Center Inc,Cash Hooper,michael.ali.london@gmail.com,'07459264413'
715,Republic Services Inc,Dean Ford,michael.ali.london@gmail.com,'07459264413'
716,Revlon Inc,Viviana Cobb,michael.ali.london@gmail.com,'07459264413'
717,RGS Energy Group Inc,Tristan Hart,michael.ali.london@gmail.com,'07459264413'
718,Rite Aid Corp,Angeline Powell,michael.ali.london@gmail.com,'07459264413'
719,Riverwood Holding Inc.,Yazmin Allen,michael.ali.london@gmail.com,'07459264413'
720,RoadwayCorp,Dalton Alexander,michael.ali.london@gmail.com,'07459264413'
721,Robert Half International Inc.,Ali Holden,michael.ali.london@gmail.com,'07459264413'
722,Rock-Tenn Co,Saige Shields,michael.ali.london@gmail.com,'07459264413'
723,Rockwell Automation Inc,Giovanna Bailey,michael.ali.london@gmail.com,'07459264413'
724,Rockwell Collins Inc,Jazmin Todd,michael.ali.london@gmail.com,'07459264413'
725,Rohm & Haas Co.,Savanah Burton,michael.ali.london@gmail.com,'07459264413'
726,Ross Stores Inc,Joselyn Hardin,michael.ali.london@gmail.com,'07459264413'
727,RPM Inc.,Nathen Mcdowell,michael.ali.london@gmail.com,'07459264413'
728,Ruddick Corp,Fernanda Craig,michael.ali.london@gmail.com,'07459264413'
729,Ryder System Inc,Zane Barnes,michael.ali.london@gmail.com,'07459264413'
730,Ryerson Tull Inc,Cecilia Church,michael.ali.london@gmail.com,'07459264413'
731,Ryland Group Inc.,Jaylin Shea,michael.ali.london@gmail.com,'07459264413'
732,Sabre Holdings Corp,Gunner Montgomery,michael.ali.london@gmail.com,'07459264413'
733,Safeco Corp,Carla Weaver,michael.ali.london@gmail.com,'07459264413'
734,Safeguard Scientifics Inc.,Marlee Sharp,michael.ali.london@gmail.com,'07459264413'
735,Safeway Inc,Carmen Phelps,michael.ali.london@gmail.com,'07459264413'
736,Saks Inc,Cortez Mora,michael.ali.london@gmail.com,'07459264413'
737,Sanmina-SCI Inc,Alaina Dorsey,michael.ali.london@gmail.com,'07459264413'
738,Sara Lee Corp,Azul Hernandez,michael.ali.london@gmail.com,'07459264413'
739,SBC Communications Inc,Yosef Wise,michael.ali.london@gmail.com,'07459264413'
740,Scana Corp.,Damarion Santos,michael.ali.london@gmail.com,'07459264413'
741,Schering-Plough Corp,Ishaan Marsh,michael.ali.london@gmail.com,'07459264413'
742,Scholastic Corp,Sarai Montes,michael.ali.london@gmail.com,'07459264413'
743,SCI Systems Onc.,Miya Vaughn,michael.ali.london@gmail.com,'07459264413'
744,Science Applications Intl. Inc.,Jamya Garcia,michael.ali.london@gmail.com,'07459264413'
745,Scientific-Atlanta Inc,Kamron Rocha,michael.ali.london@gmail.com,'07459264413'
746,Scotts Company,Yazmin Bryant,michael.ali.london@gmail.com,'07459264413'
747,Seaboard Corp,Taylor Osborne,michael.ali.london@gmail.com,'07459264413'
748,Sealed Air Corp,Allie Bentley,michael.ali.london@gmail.com,'07459264413'
749,Sears Roebuck & Co,Yasmine Ochoa,michael.ali.london@gmail.com,'07459264413'
750,Sempra Energy,Jade Paul,michael.ali.london@gmail.com,'07459264413'
751,Sequa Corp,Jasper Graham,michael.ali.london@gmail.com,'07459264413'
752,Service Corp. International,Cailyn Kidd,michael.ali.london@gmail.com,'07459264413'
753,ServiceMaster Co,Deandre Miles,michael.ali.london@gmail.com,'07459264413'
754,Shaw Group Inc,Jeffrey Vaughn,michael.ali.london@gmail.com,'07459264413'
755,Sherwin-Williams Company,Alexandra Henson,michael.ali.london@gmail.com,'07459264413'
756,Shopko Stores Inc,Marianna Montoya,michael.ali.london@gmail.com,'07459264413'
757,Siebel Systems Inc,Arjun Carpenter,michael.ali.london@gmail.com,'07459264413'
758,Sierra Health Services Inc,Hazel Madden,michael.ali.london@gmail.com,'07459264413'
759,Sierra Pacific Resources,Nora Russell,michael.ali.london@gmail.com,'07459264413'
760,Silgan Holdings Inc.,Sonny Nash,michael.ali.london@gmail.com,'07459264413'
761,Silicon Graphics Inc,Lia Sheppard,michael.ali.london@gmail.com,'07459264413'
762,Simon Property Group Inc,Milton Mooney,michael.ali.london@gmail.com,'07459264413'
763,SLM Corporation,Lexie Frederick,michael.ali.london@gmail.com,'07459264413'
764,Smith International Inc,Valeria Wilcox,michael.ali.london@gmail.com,'07459264413'
765,Smithfield Foods Inc,Kiara Lester,michael.ali.london@gmail.com,'07459264413'
766,Smurfit-Stone Container Corp,Colby Perry,michael.ali.london@gmail.com,'07459264413'
767,Snap-On Inc,Joaquin Dillon,michael.ali.london@gmail.com,'07459264413'
768,Solectron Corp,Lukas Rodgers,michael.ali.london@gmail.com,'07459264413'
769,Solutia Inc,India Hobbs,michael.ali.london@gmail.com,'07459264413'
770,Sonic Automotive Inc.,Dax Dawson,michael.ali.london@gmail.com,'07459264413'
771,Sonoco Products Co.,Anabel Thompson,michael.ali.london@gmail.com,'07459264413'
772,Southern Company,Dominique Shaffer,michael.ali.london@gmail.com,'07459264413'
773,Southern Union Company,Jorden Trujillo,michael.ali.london@gmail.com,'07459264413'
774,SouthTrust Corp.,Trey Rodriguez,michael.ali.london@gmail.com,'07459264413'
775,Southwest Airlines Co,Jaylan Haynes,michael.ali.london@gmail.com,'07459264413'
776,Southwest Gas Corp,Camila Griffin,michael.ali.london@gmail.com,'07459264413'
777,Sovereign Bancorp Inc.,Naomi Blake,michael.ali.london@gmail.com,'07459264413'
778,Spartan Stores Inc,Luka Kirby,michael.ali.london@gmail.com,'07459264413'
779,Spherion Corp,Kelsie Montes,michael.ali.london@gmail.com,'07459264413'
780,Sports Authority Inc,Jared Conner,michael.ali.london@gmail.com,'07459264413'
781,Sprint Corp.,Marissa Krueger,michael.ali.london@gmail.com,'07459264413'
782,SPX Corp,Kyson Browning,michael.ali.london@gmail.com,'07459264413'
783,St. Jude Medical Inc,Konner Berry,michael.ali.london@gmail.com,'07459264413'
784,St. Paul Cos.,Stephen Zamora,michael.ali.london@gmail.com,'07459264413'
785,Staff Leasing Inc.,Ashleigh Patrick,michael.ali.london@gmail.com,'07459264413'
786,StanCorp Financial Group Inc,Azaria Rosario,michael.ali.london@gmail.com,'07459264413'
787,Standard Pacific Corp.,Brice Rios,michael.ali.london@gmail.com,'07459264413'
788,Stanley Works,Johnathon Ritter,michael.ali.london@gmail.com,'07459264413'
789,Staples Inc,Jaslene Mcgee,michael.ali.london@gmail.com,'07459264413'
790,Starbucks Corp,Monserrat Kerr,michael.ali.london@gmail.com,'07459264413'
791,Starwood Hotels & Resorts Worldwide Inc,Kyson Abbott,michael.ali.london@gmail.com,'07459264413'
792,State Street Corp.,Ariella Smith,michael.ali.london@gmail.com,'07459264413'
793,Stater Bros. Holdings Inc.,Madilyn Potter,michael.ali.london@gmail.com,'07459264413'
794,Steelcase Inc,Donald Cowan,michael.ali.london@gmail.com,'07459264413'
795,Stein Mart Inc,Francisco Dunlap,michael.ali.london@gmail.com,'07459264413'
796,Stewart & Stevenson Services Inc,Jordan Mann,michael.ali.london@gmail.com,'07459264413'
797,Stewart Information Services Corp,Sandra Pace,michael.ali.london@gmail.com,'07459264413'
798,Stilwell Financial Inc,Emmett Horton,michael.ali.london@gmail.com,'07459264413'
799,Storage Technology Corporation,Avery Tyler,michael.ali.london@gmail.com,'07459264413'
800,Stryker Corp,Ana Shea,michael.ali.london@gmail.com,'07459264413'
801,Sun Healthcare Group Inc.,Kelsie Webster,michael.ali.london@gmail.com,'07459264413'
802,Sun Microsystems Inc.,Maximo Flores,michael.ali.london@gmail.com,'07459264413'
803,SunGard Data Systems Inc.,Caitlyn Arnold,michael.ali.london@gmail.com,'07459264413'
804,Sunoco Inc.,Jaylin Underwood,michael.ali.london@gmail.com,'07459264413'
805,SunTrust Banks Inc,Terrence Kelly,michael.ali.london@gmail.com,'07459264413'
806,Supervalu Inc,Jude Snyder,michael.ali.london@gmail.com,'07459264413'
807,"Swift Transportation, Co., Inc",Irene Gutierrez,michael.ali.london@gmail.com,'07459264413'
808,Symbol Technologies Inc,Mikaela Barker,michael.ali.london@gmail.com,'07459264413'
809,Synovus Financial Corp.,Manuel Munoz,michael.ali.london@gmail.com,'07459264413'
810,Sysco Corp,Abdullah Yang,michael.ali.london@gmail.com,'07459264413'
811,Systemax Inc.,Jayleen Tapia,michael.ali.london@gmail.com,'07459264413'
812,Target Corp.,Gia Kidd,michael.ali.london@gmail.com,'07459264413'
813,Tech Data Corporation,Aidyn Pugh,michael.ali.london@gmail.com,'07459264413'
814,TECO Energy Inc,Emilee Estrada,michael.ali.london@gmail.com,'07459264413'
815,Tecumseh Products Company,Geovanni Simmons,michael.ali.london@gmail.com,'07459264413'
816,Tektronix Inc,Patience Farmer,michael.ali.london@gmail.com,'07459264413'
817,Teleflex Incorporated,Zaid King,michael.ali.london@gmail.com,'07459264413'
818,Telephone & Data Systems Inc,Josue Oconnell,michael.ali.london@gmail.com,'07459264413'
819,Tellabs Inc.,Xavier Alexander,michael.ali.london@gmail.com,'07459264413'
820,Temple-Inland Inc,Krystal Miranda,michael.ali.london@gmail.com,'07459264413'
821,Tenet Healthcare Corporation,Leland Boyer,michael.ali.london@gmail.com,'07459264413'
822,Tenneco Automotive Inc.,Helen Garrett,michael.ali.london@gmail.com,'07459264413'
823,Teradyne Inc,Terrence Olson,michael.ali.london@gmail.com,'07459264413'
824,Terex Corp,Gustavo Fuller,michael.ali.london@gmail.com,'07459264413'
825,Tesoro Petroleum Corp.,Kaylyn Torres,michael.ali.london@gmail.com,'07459264413'
826,Texas Industries Inc.,Taylor Tate,michael.ali.london@gmail.com,'07459264413'
827,Texas Instruments Incorporated,Kelton Ward,michael.ali.london@gmail.com,'07459264413'
828,Textron Inc,Shaylee Trujillo,michael.ali.london@gmail.com,'07459264413'
829,Thermo Electron Corporation,Cash Day,michael.ali.london@gmail.com,'07459264413'
830,Thomas & Betts Corporation,Elisha Lowery,michael.ali.london@gmail.com,'07459264413'
831,Tiffany & Co,Kenley Ward,michael.ali.london@gmail.com,'07459264413'
832,Timken Company,Valery Pennington,michael.ali.london@gmail.com,'07459264413'
833,TJX Companies Inc,Journey Mack,michael.ali.london@gmail.com,'07459264413'
834,TMP Worldwide Inc,Naomi Espinoza,michael.ali.london@gmail.com,'07459264413'
835,Toll Brothers Inc,Monserrat Dougherty,michael.ali.london@gmail.com,'07459264413'
836,Torchmark Corporation,London Crawford,michael.ali.london@gmail.com,'07459264413'
837,Toro Company,Ethan Stevens,michael.ali.london@gmail.com,'07459264413'
838,Tower Automotive Inc.,Coleman White,michael.ali.london@gmail.com,'07459264413'
839,Toys 'R' Us Inc,Karli Duffy,michael.ali.london@gmail.com,'07459264413'
840,Trans World Entertainment Corp.,Heather Mccoy,michael.ali.london@gmail.com,'07459264413'
841,TransMontaigne Inc,London Massey,michael.ali.london@gmail.com,'07459264413'
842,Transocean Inc,Joyce Newton,michael.ali.london@gmail.com,'07459264413'
843,TravelCenters of America Inc.,Fatima Hatfield,michael.ali.london@gmail.com,'07459264413'
844,Triad Hospitals Inc,Davis Andrade,michael.ali.london@gmail.com,'07459264413'
845,Tribune Company,Braiden Woods,michael.ali.london@gmail.com,'07459264413'
846,Trigon Healthcare Inc.,Louis Richard,michael.ali.london@gmail.com,'07459264413'
847,Trinity Industries Inc,Jennifer Gallagher,michael.ali.london@gmail.com,'07459264413'
848,Trump Hotels & Casino Resorts Inc.,Dylan Guerra,michael.ali.london@gmail.com,'07459264413'
849,TruServ Corporation,Baylee Adams,michael.ali.london@gmail.com,'07459264413'
850,TRW Inc,Darwin Gray,michael.ali.london@gmail.com,'07459264413'
851,TXU Corp,Belinda Robinson,michael.ali.london@gmail.com,'07459264413'
852,Tyson Foods Inc,Jack Mccarty,michael.ali.london@gmail.com,'07459264413'
853,U.S. Bancorp,Kinley Herrera,michael.ali.london@gmail.com,'07459264413'
854,U.S. Industries Inc.,Deacon Cooper,michael.ali.london@gmail.com,'07459264413'
855,UAL Corporation,Marcos Macdonald,michael.ali.london@gmail.com,'07459264413'
856,UGI Corporation,Clay Humphrey,michael.ali.london@gmail.com,'07459264413'
857,Unified Western Grocers Inc,Karla Hunter,michael.ali.london@gmail.com,'07459264413'
858,Union Pacific Corporation,Kinley Ramos,michael.ali.london@gmail.com,'07459264413'
859,Union Planters Corp,Jayda Atkins,michael.ali.london@gmail.com,'07459264413'
860,Unisource Energy Corp,Matias Lam,michael.ali.london@gmail.com,'07459264413'
861,Unisys Corporation,Madison Villa,michael.ali.london@gmail.com,'07459264413'
862,United Auto Group Inc,Jacob Sheppard,michael.ali.london@gmail.com,'07459264413'
863,United Defense Industries Inc.,Alec Zuniga,michael.ali.london@gmail.com,'07459264413'
864,United Parcel Service Inc,Jaylyn Franklin,michael.ali.london@gmail.com,'07459264413'
865,United Rentals Inc,Ace Flynn,michael.ali.london@gmail.com,'07459264413'
866,United Stationers Inc,Phillip Ali,michael.ali.london@gmail.com,'07459264413'
867,United Technologies Corporation,Deacon Tucker,michael.ali.london@gmail.com,'07459264413'
868,UnitedHealth Group Incorporated,August Hoover,michael.ali.london@gmail.com,'07459264413'
869,Unitrin Inc,Kaia Brown,michael.ali.london@gmail.com,'07459264413'
870,Universal Corporation,Rayna Haynes,michael.ali.london@gmail.com,'07459264413'
871,Universal Forest Products Inc,Raymond Holloway,michael.ali.london@gmail.com,'07459264413'
872,Universal Health Services Inc,Heidy Cochran,michael.ali.london@gmail.com,'07459264413'
873,Unocal Corporation,Jaqueline Long,michael.ali.london@gmail.com,'07459264413'
874,Unova Inc,Mariela Stein,michael.ali.london@gmail.com,'07459264413'
875,UnumProvident Corporation,Leonard Small,michael.ali.london@gmail.com,'07459264413'
876,URS Corporation,Amiah Odonnell,michael.ali.london@gmail.com,'07459264413'
877,US Airways Group Inc,Ryland Pugh,michael.ali.london@gmail.com,'07459264413'
878,US Oncology Inc,Jesse Rios,michael.ali.london@gmail.com,'07459264413'
879,USA Interactive,Dwayne Ballard,michael.ali.london@gmail.com,'07459264413'
880,USFreighways Corporation,Omari Ramsey,michael.ali.london@gmail.com,'07459264413'
881,USG Corporation,Jaylen Leon,michael.ali.london@gmail.com,'07459264413'
882,UST Inc,Lorelai Solomon,michael.ali.london@gmail.com,'07459264413'
883,Valero Energy Corporation,Jasmin Lawrence,michael.ali.london@gmail.com,'07459264413'
884,Valspar Corporation,Ansley Dyer,michael.ali.london@gmail.com,'07459264413'
885,Value City Department Stores Inc,Melina Romero,michael.ali.london@gmail.com,'07459264413'
886,Varco International Inc,Shaylee Cooley,michael.ali.london@gmail.com,'07459264413'
887,Vectren Corporation,Gregory Castillo,michael.ali.london@gmail.com,'07459264413'
888,Veritas Software Corporation,Aydin Faulkner,michael.ali.london@gmail.com,'07459264413'
889,Verizon Communications Inc,Asa Osborn,michael.ali.london@gmail.com,'07459264413'
890,VF Corporation,Eve Roach,michael.ali.london@gmail.com,'07459264413'
891,Viacom Inc,Jalen Sheppard,michael.ali.london@gmail.com,'07459264413'
892,Viad Corp,Misael Ho,michael.ali.london@gmail.com,'07459264413'
893,Viasystems Group Inc,Madalyn Sparks,michael.ali.london@gmail.com,'07459264413'
894,Vishay Intertechnology Inc,Skyla Fitzgerald,michael.ali.london@gmail.com,'07459264413'
895,Visteon Corporation,Greyson Church,michael.ali.london@gmail.com,'07459264413'
896,Volt Information Sciences Inc,Jayden Bowen,michael.ali.london@gmail.com,'07459264413'
897,Vulcan Materials Company,Santino Blankenship,michael.ali.london@gmail.com,'07459264413'
898,W.R. Berkley Corporation,Savannah Chapman,michael.ali.london@gmail.com,'07459264413'
899,W.R. Grace & Co,Glenn Boone,michael.ali.london@gmail.com,'07459264413'
900,W.W. Grainger Inc,Kade Wall,michael.ali.london@gmail.com,'07459264413'
901,Wachovia Corporation,Levi Saunders,michael.ali.london@gmail.com,'07459264413'
902,Wakenhut Corporation,Erin Reeves,michael.ali.london@gmail.com,'07459264413'
903,Walgreen Co,Cael Cantrell,michael.ali.london@gmail.com,'07459264413'
904,Wallace Computer Services Inc,Rylee Sheppard,michael.ali.london@gmail.com,'07459264413'
905,Wal-Mart Stores Inc,Francesca Briggs,michael.ali.london@gmail.com,'07459264413'
906,Walt Disney Co,Adrian Duarte,michael.ali.london@gmail.com,'07459264413'
907,Walter Industries Inc,Eileen Ruiz,michael.ali.london@gmail.com,'07459264413'
908,Washington Mutual Inc,Keira Monroe,michael.ali.london@gmail.com,'07459264413'
909,Washington Post Co.,Chase Moreno,michael.ali.london@gmail.com,'07459264413'
910,Waste Management Inc,Dallas Roach,michael.ali.london@gmail.com,'07459264413'
911,Watsco Inc,Preston Rhodes,michael.ali.london@gmail.com,'07459264413'
912,Weatherford International Inc,Marlee Oconnell,michael.ali.london@gmail.com,'07459264413'
913,Weis Markets Inc.,Terrell Andrade,michael.ali.london@gmail.com,'07459264413'
914,Wellpoint Health Networks Inc,Yandel Barrett,michael.ali.london@gmail.com,'07459264413'
915,Wells Fargo & Company,Colton Wiggins,michael.ali.london@gmail.com,'07459264413'
916,Wendy's International Inc,Aaron Kemp,michael.ali.london@gmail.com,'07459264413'
917,Werner Enterprises Inc,Ryleigh Gates,michael.ali.london@gmail.com,'07459264413'
918,WESCO International Inc,Averie Galloway,michael.ali.london@gmail.com,'07459264413'
919,Western Digital Inc,Kaia Mckee,michael.ali.london@gmail.com,'07459264413'
920,Western Gas Resources Inc,Camila Murillo,michael.ali.london@gmail.com,'07459264413'
921,WestPoint Stevens Inc,Georgia Larson,michael.ali.london@gmail.com,'07459264413'
922,Weyerhauser Company,Kiana Payne,michael.ali.london@gmail.com,'07459264413'
923,WGL Holdings Inc,Coleman Hickman,michael.ali.london@gmail.com,'07459264413'
924,Whirlpool Corporation,Derrick Conner,michael.ali.london@gmail.com,'07459264413'
925,Whole Foods Market Inc,Moriah Santos,michael.ali.london@gmail.com,'07459264413'
926,Willamette Industries Inc.,Kane Cunningham,michael.ali.london@gmail.com,'07459264413'
927,Williams Companies Inc,Louis Ball,michael.ali.london@gmail.com,'07459264413'
928,Williams Sonoma Inc,Bobby Ross,michael.ali.london@gmail.com,'07459264413'
929,Winn Dixie Stores Inc,Xavier Huff,michael.ali.london@gmail.com,'07459264413'
930,Wisconsin Energy Corporation,Cory Copeland,michael.ali.london@gmail.com,'07459264413'
931,Wm Wrigley Jr Company,Brayan Watson,michael.ali.london@gmail.com,'07459264413'
932,World Fuel Services Corporation,Trinity Woods,michael.ali.london@gmail.com,'07459264413'
933,WorldCom Inc,Steven Woodward,michael.ali.london@gmail.com,'07459264413'
934,Worthington Industries Inc,Hudson Andrews,michael.ali.london@gmail.com,'07459264413'
935,WPS Resources Corporation,Seamus Giles,michael.ali.london@gmail.com,'07459264413'
936,Wyeth,Jaylyn Huber,michael.ali.london@gmail.com,'07459264413'
937,Wyndham International Inc,Lindsay Knight,michael.ali.london@gmail.com,'07459264413'
938,Xcel Energy Inc,Zariah Sanford,michael.ali.london@gmail.com,'07459264413'
939,Xerox Corp,Evelyn Ray,michael.ali.london@gmail.com,'07459264413'
940,Xilinx Inc,Faith Barton,michael.ali.london@gmail.com,'07459264413'
941,XO Communications Inc,Jabari Lynn,michael.ali.london@gmail.com,'07459264413'
942,Yellow Corporation,Dominic Craig,michael.ali.london@gmail.com,'07459264413'
943,York International Corp,Zoe Nielsen,michael.ali.london@gmail.com,'07459264413'
944,Yum Brands Inc.,Aracely Lyons,michael.ali.london@gmail.com,'07459264413'
945,Zale Corporation,Billy Nolan,michael.ali.london@gmail.com,'07459264413'
946,Zions Bancorporation,Norah Zimmerman,michael.ali.london@gmail.com,'07459264413'
