name,address,phone,website,rating,url,scraped_at
Dils Roofing & Solar,"
2230 La Mirada Dr Ste A, Vista, CA 92081, United States","
+1 760-727-6000",https://www.dilsroofing.com/,4.9,https://www.google.com/maps/place/Dils+Roofing+%26+Solar/data=!4m7!3m6!1s0x80dc74f9fedf1b67:0x9664c89d9484bbf4!8m2!3d33.151733!4d-117.2320102!16s%2Fg%2F1tdm408b!19sChIJZxvf_vl03IAR9LuElJ3IZJY?authuser=0&hl=en&rclk=1,2025-04-03T18:25:49.254727
The Roof Masters,"
2304 La Mirada Dr, Vista, CA 92081, United States","
+1 844-766-3968",http://socalroofmasters.com/,4.8,https://www.google.com/maps/place/The+Roof+Masters/data=!4m7!3m6!1s0x80dc70420998e5df:0x5b5756596b72f499!8m2!3d33.1502258!4d-117.2281596!16s%2Fg%2F11clv59hjx!19sChIJ3-WYCUJw3IARmfRya1lWV1s?authuser=0&hl=en&rclk=1,2025-04-03T18:25:52.848079
Dana Logsdon Roofing & Solar,"
1483 Cuyamaca St, El Cajon, CA 92020, United States","
+1 619-390-8177",https://www.roofon.com/?utm_source=organic&utm_medium=google_business_profile,4.8,https://www.google.com/maps/place/Dana+Logsdon+Roofing+%26+Solar/data=!4m7!3m6!1s0x80d954db2966008d:0x6002a45a61ac0587!8m2!3d32.8154973!4d-116.9796444!16s%2Fg%2F11bbrcgg9f!19sChIJjQBmKdtU2YARhwWsYVqkAmA?authuser=0&hl=en&rclk=1,2025-04-03T18:25:56.003689
Build Brothers Inc.,"
7765 Arjons Dr, San Diego, CA 92126, United States","
+1 760-566-7734",http://www.buildbrothersinc.com/,5.0,https://www.google.com/maps/place/Build+Brothers+Inc./data=!4m7!3m6!1s0x80dc756b149f32d5:0xf3c54ebfb903988c!8m2!3d32.893511!4d-117.1519348!16s%2Fg%2F11bbrlc68t!19sChIJ1TKfFGt13IARjJgDub9OxfM?authuser=0&hl=en&rclk=1,2025-04-03T18:25:59.070712
"Mark Anthony Construction and Roofing, Inc.","
133 N Pacific St Suite A, San Marcos, CA 92069, United States","
+1 760-803-7534",http://www.markanthonyconstructionandroofing.com/,4.9,"https://www.google.com/maps/place/Mark+Anthony+Construction+and+Roofing,+Inc./data=!4m7!3m6!1s0x80dc0a98e32fa6ff:0xd552354b6ec16e7d!8m2!3d33.1485531!4d-117.1936273!16s%2Fg%2F1tdg82pl!19sChIJ_6Yv45gK3IARfW7Bbks1UtU?authuser=0&hl=en&rclk=1",2025-04-03T18:26:02.550426
Peak Builders & Roofers of San Diego,"
8340 Vickers St K, San Diego, CA 92111, United States","
+1 619-566-1911",https://peakbuilderssd.com/,5.0,https://www.google.com/maps/place/Peak+Builders+%26+Roofers+of+San+Diego/data=!4m7!3m6!1s0x8e4cefb250d9c67b:0x6414c7ec91cd2964!8m2!3d32.8277444!4d-117.1470366!16s%2Fg%2F11q2xj5c05!19sChIJe8bZULLvTI4RZCnNkezHFGQ?authuser=0&hl=en&rclk=1,2025-04-03T18:26:05.822641
"Pioneer Roofing Company, LLC",,"
+1 619-432-7663",https://www.pioneerroofer.com/,5.0,"https://www.google.com/maps/place/Pioneer+Roofing+Company,+LLC/data=!4m7!3m6!1s0x80d9552d4048b371:0x3245aaff9dc575a3!8m2!3d32.8244879!4d-117.10776!16s%2Fg%2F11jjlq9txm!19sChIJcbNIQC1V2YARo3XFnf-qRTI?authuser=0&hl=en&rclk=1",2025-04-03T18:26:09.112619
Protecta Roofing Inc.,"
3184 Oleander Ave, San Marcos, CA 92078, United States","
+1 760-224-2494",http://www.protectaroofingconstruction.com/,4.8,https://www.google.com/maps/place/Protecta+Roofing+Inc./data=!4m7!3m6!1s0x80dbf34863fbfa05:0xfe4de07f02282157!8m2!3d33.1531598!4d-117.2062153!16s%2Fg%2F11ckcjjgsc!19sChIJBfr7Y0jz24ARVyEoAn_gTf4?authuser=0&hl=en&rclk=1,2025-04-03T18:26:12.557737
Shadowcrest Roofing Inc,"
285 Pawnee St # C, San Marcos, CA 92078, United States","
+1 760-593-0300",http://www.shadowcrestroofing.com/,5.0,https://www.google.com/maps/place/Shadowcrest+Roofing+Inc/data=!4m7!3m6!1s0x80dc750971923e11:0xa3f7839d46e58946!8m2!3d33.1431416!4d-117.1998728!16s%2Fg%2F1vv2sjp9!19sChIJET6ScQl13IARRonlRp2D96M?authuser=0&hl=en&rclk=1,2025-04-03T18:26:16.229550
Davis Roofing,,"
+1 619-440-0373",http://www.davisfamilyroofing.com/,5.0,https://www.google.com/maps/place/Davis+Roofing/data=!4m7!3m6!1s0x80dbe2b68bf235fb:0x109b790e2c0fe492!8m2!3d33.0169285!4d-116.8460104!16s%2Fg%2F11g6r3yfmd!19sChIJ-zXyi7bi24ARkuQPLA55mxA?authuser=0&hl=en&rclk=1,2025-04-03T18:26:19.671928
Guardian Roofs,"
1101 W San Marcos Blvd, San Marcos, CA 92078, United States","
+1 858-879-3383",https://guardianroofs.com/san-marcos/?utm_source=google&utm_medium=organic&utm_campaign=gmb,4.8,https://www.google.com/maps/place/Guardian+Roofs/data=!4m7!3m6!1s0x80dc7559c9d38559:0xefeed5386692991a!8m2!3d33.1326147!4d-117.1907407!16s%2Fg%2F11l_h2v66p!19sChIJWYXTyVl13IARGpmSZjjV7u8?authuser=0&hl=en&rclk=1,2025-04-03T18:26:22.854310
San Diego County Roofing & Solar,"
1761 Hotel Cir S Suite 110, San Diego, CA 92108, United States","
+1 855-732-6868",https://sandiegocountyroofing.com/,4.9,https://www.google.com/maps/place/San+Diego+County+Roofing+%26+Solar/data=!4m7!3m6!1s0x80dc0b8b9784c1f7:0xe097eb10363dba68!8m2!3d32.7588438!4d-117.1791272!16s%2Fg%2F1s04wq5lz!19sChIJ98GEl4sL3IARaLo9NhDrl-A?authuser=0&hl=en&rclk=1,2025-04-03T18:26:25.909596
"RT Roofing Specialist, Inc.","
14260 Garden Rd Ste B-5, Poway, CA 92064, United States","
+1 858-486-4977",http://rtroofingspecialist.com/?utm_source=google&utm_medium=organic&utm_campaign=gmb-listing,4.5,"https://www.google.com/maps/place/RT+Roofing+Specialist,+Inc./data=!4m7!3m6!1s0x80dbfafd6f3b4459:0x61644e5876752b9c!8m2!3d32.9567579!4d-117.0229045!16s%2Fg%2F1xgrn6y3!19sChIJWUQ7b_3624ARnCt1dlhOZGE?authuser=0&hl=en&rclk=1",2025-04-03T18:26:29.162997
Sully-Jones Roofing,"
1528 Pioneer Way, El Cajon, CA 92020, United States","
+1 619-444-0150",https://www.sully-jones.com/,4.5,https://www.google.com/maps/place/Sully-Jones+Roofing/data=!4m7!3m6!1s0x80d9583be8eb2975:0x6b75274d8f34d9b1!8m2!3d32.8160146!4d-116.9679815!16s%2Fg%2F1tf437l1!19sChIJdSnr6DtY2YARsdk0j00ndWs?authuser=0&hl=en&rclk=1,2025-04-03T18:26:32.277563
Zenith Roofing Services,"
970 W Valley Pkwy #458, Escondido, CA 92025, United States","
+1 858-900-6163",https://zenithroofingservices.com/,4.9,https://www.google.com/maps/place/Zenith+Roofing+Services/data=!4m7!3m6!1s0x80dbf53eb8516bbf:0xf13072487e63c791!8m2!3d33.1181267!4d-117.0959983!16s%2Fg%2F11jvltvb7c!19sChIJv2tRuD7124ARkcdjfkhyMPE?authuser=0&hl=en&rclk=1,2025-04-03T18:26:35.366177
"San Diego Roofing, INC.","
2811 Adams Ave, San Diego, CA 92116, United States","
+1 619-280-1000",http://www.sandiegoroofing.com/,4.6,"https://www.google.com/maps/place/San+Diego+Roofing,+INC./data=!4m7!3m6!1s0x80d954fdf45d46f9:0x6d67d8e6ebb9c63a!8m2!3d32.7626691!4d-117.1336594!16s%2Fg%2F11byp65r04!19sChIJ-UZd9P1U2YAROsa56-bYZ20?authuser=0&hl=en&rclk=1",2025-04-03T18:26:38.537273
Acclaimed Commercial Roofing,"
1025 Armorlite Dr #315, San Marcos, CA 92069, United States","
+1 800-619-7304",http://www.acclaimedroof.com/,5.0,https://www.google.com/maps/place/Acclaimed+Commercial+Roofing/data=!4m7!3m6!1s0x80dc7542978fc389:0xcc1fe7bc363b1c46!8m2!3d33.1441145!4d-117.1853655!16s%2Fg%2F11fpjqrtvp!19sChIJicOPl0J13IARRhw7NrznH8w?authuser=0&hl=en&rclk=1,2025-04-03T18:26:41.577074
Resilient Roofing,"
7950 Dunbrook Rd, San Diego, CA 92126, United States","
+1 619-501-2138",https://www.resilientroofing.com/,4.7,https://www.google.com/maps/place/Resilient+Roofing/data=!4m7!3m6!1s0x80deab8c3a746489:0x67b9a2433bbd27ef!8m2!3d32.8928214!4d-117.1504291!16s%2Fg%2F11h1hr6yly!19sChIJiWR0Ooyr3oAR7ye9O0OiuWc?authuser=0&hl=en&rclk=1,2025-04-03T18:26:45.147631
Alma Roofing,"
4538 Cass St, San Diego, CA 92109, United States","
+1 619-693-3670",https://www.almaroofingsd.com/?utm_campaign=gmb,5.0,https://www.google.com/maps/place/Alma+Roofing/data=!4m7!3m6!1s0x80dc01530e53abf3:0xc8ec3a8ad5d6d03a!8m2!3d32.798058!4d-117.252332!16s%2Fg%2F11vsyy8wnq!19sChIJ86tTDlMB3IAROtDW1Yo67Mg?authuser=0&hl=en&rclk=1,2025-04-03T18:26:48.345532
Bob Piva Roofing,"
1192 Industrial Ave, Escondido, CA 92029, United States","
+1 760-745-4700",https://www.bobpivaroofing.com/,4.5,https://www.google.com/maps/place/Bob+Piva+Roofing/data=!4m7!3m6!1s0x80dbf4eb7d38ca7f:0xd524730010bfd03d!8m2!3d33.1193006!4d-117.105131!16s%2Fg%2F1tfq9j72!19sChIJf8o4fev024ARPdC_EABzJNU?authuser=0&hl=en&rclk=1,2025-04-03T18:26:51.787587
Sunset Roofing Co,"
8721 Magnolia Ave # C, Santee, CA 92071, United States","
+1 619-258-7015",,5.0,https://www.google.com/maps/place/Sunset+Roofing+Co/data=!4m7!3m6!1s0x80d9580d81e29a75:0x93d25cb19a74af71!8m2!3d32.834003!4d-116.9631533!16s%2Fg%2F1tfbnmdb!19sChIJdZrigQ1Y2YARca90mrFc0pM?authuser=0&hl=en&rclk=1,2025-04-03T18:26:55.256483
Raneri & Long Roofing and Solar,"
1661 N 2nd St, El Cajon, CA 92021, United States","
+1 619-812-2429",https://www.rlroofing.com/,4.6,https://www.google.com/maps/place/Raneri+%26+Long+Roofing+and+Solar/data=!4m7!3m6!1s0x80d95f3fff868c6b:0x535705a2ade6b5e7!8m2!3d32.8178424!4d-116.9354253!16s%2Fg%2F1vvdvhmq!19sChIJa4yG_z9f2YAR57XmraIFV1M?authuser=0&hl=en&rclk=1,2025-04-03T18:26:58.883028
RSI Roofing,"
8285 Buckhorn St, San Diego, CA 92111, United States","
+1 858-278-7200",http://thinkrsi.com/,4.7,https://www.google.com/maps/place/RSI+Roofing/data=!4m7!3m6!1s0x80dbffbe429392c9:0x5c0c50b45c2d8ced!8m2!3d32.8260196!4d-117.1481517!16s%2Fg%2F1vhlyg_9!19sChIJyZKTQr7_24AR7YwtXLRQDFw?authuser=0&hl=en&rclk=1,2025-04-03T18:27:01.983491
Built 2 Last Roofing,"
2515 Antlers Way, San Marcos, CA 92078, United States","
+1 760-829-8086",https://b2lastroofing.com/,5.0,https://www.google.com/maps/place/Built+2+Last+Roofing/data=!4m7!3m6!1s0x4e61b83108ce60c9:0x2ebe09f7e17f3e47!8m2!3d33.1084233!4d-117.2243942!16s%2Fg%2F11tfc4rg_v!19sChIJyWDOCDG4YU4RRz5_4fcJvi4?authuser=0&hl=en&rclk=1,2025-04-03T18:27:05.019628
Maday Roofing Inc,"
2727 Casa Linda Way, San Marcos, CA 92069, United States","
+1 760-547-3692",http://www.madayroofingconstruction.com/,5.0,https://www.google.com/maps/place/Maday+Roofing+Inc/data=!4m7!3m6!1s0x80dc75f229a257c5:0xcbcddff27a339fa2!8m2!3d33.1593734!4d-117.205574!16s%2Fg%2F11jsfd5r9l!19sChIJxVeiKfJ13IARop8zevLfzcs?authuser=0&hl=en&rclk=1,2025-04-03T18:27:08.182298
Exclusively Roofing Inc.,"
4013 Texas St UNIT 4, San Diego, CA 92104, United States","
+1 619-832-1014",https://www.exclusivelyroofinginc.com/,5.0,https://www.google.com/maps/place/Exclusively+Roofing+Inc./data=!4m7!3m6!1s0x80d9535548833341:0xaa20aa0821616715!8m2!3d32.750627!4d-117.1384494!16s%2Fg%2F11swthn097!19sChIJQTODSFVT2YARFWdhIQiqIKo?authuser=0&hl=en&rclk=1,2025-04-03T18:27:11.324104
Masterlyne Corporation,"
7364 El Cajon Blvd, San Diego, CA 92115, United States","
+1 619-698-4023",https://masterlyne.com/,5.0,https://www.google.com/maps/place/Masterlyne+Corporation/data=!4m7!3m6!1s0x80d957083d5d68a7:0x3f5c5c05ec9e3ef9!8m2!3d32.7691977!4d-117.0393939!16s%2Fg%2F11r7srx81_!19sChIJp2hdPQhX2YAR-T6e7AVcXD8?authuser=0&hl=en&rclk=1,2025-04-03T18:27:14.876821
619 Roofing of San Marcos,"
909 Rancheros Dr, San Marcos, CA 92069, United States","
+1 760-822-5316",https://619roofing.com/san-diego-ca/repair-contractors/san-marcos/,5.0,https://www.google.com/maps/place/619+Roofing+of+San+Marcos/data=!4m7!3m6!1s0x80d9513eeeba30a7:0xa85c952265c166fe!8m2!3d33.1374184!4d-117.1365966!16s%2Fg%2F11fwc1q1f_!19sChIJpzC67j5R2YAR_mbBZSKVXKg?authuser=0&hl=en&rclk=1,2025-04-03T18:27:18.405009
TR Construction,"
9335 Mira Mesa Blvd, San Diego, CA 92126, United States","
+1 858-537-6490",http://www.tr-construction.com/,4.9,https://www.google.com/maps/place/TR+Construction/data=!4m7!3m6!1s0x80dbf91dd3083049:0x2c94500cdf0c6bfd!8m2!3d32.916908!4d-117.123591!16s%2Fg%2F1whdjn9z!19sChIJSTAI0x3524AR_WsM3wxQlCw?authuser=0&hl=en&rclk=1,2025-04-03T18:27:21.530762
Wise Roofing Inc.,"
13507 I-8BL, El Cajon, CA 92021, United States","
+1 619-443-2302",https://wiseroofingsd.com/,5.0,https://www.google.com/maps/place/Wise+Roofing+Inc./data=!4m7!3m6!1s0x80d95f3fff868c6b:0xfabb3cc3b09b28a0!8m2!3d32.8364525!4d-116.8991068!16s%2Fg%2F1tfddrt1!19sChIJa4yG_z9f2YARoCibsMM8u_o?authuser=0&hl=en&rclk=1,2025-04-03T18:27:24.745924
C39 Roofing,"
197 Woodland Pkwy #104, San Marcos, CA 92069, United States","
+1 760-744-1475",http://www.c39roofing.com/,4.3,https://www.google.com/maps/place/C39+Roofing/data=!4m7!3m6!1s0x80db8ac40bd41c21:0x16875dff13cde498!8m2!3d33.1410206!4d-117.1389097!16s%2Fg%2F1hc3v3l0c!19sChIJIRzUC8SK24ARmOTNE_9dhxY?authuser=0&hl=en&rclk=1,2025-04-03T18:27:28.218079
Valley Oaks Roofing & Repairs Inc,,"
+1 760-580-7109",https://www.valleyoaksroofing.com/,5.0,https://www.google.com/maps/place/Valley+Oaks+Roofing+%26+Repairs+Inc/data=!4m7!3m6!1s0x3d999d9e6ff5a65:0x3e6f5e3d493d3cae!8m2!3d32.9746153!4d-117.1470654!16s%2Fg%2F11rn4gct8y!19sChIJZVr_5tmZ2QMRrjw9ST1ebz4?authuser=0&hl=en&rclk=1,2025-04-03T18:27:31.965847
"O'Connor Construction, Inc.","
8022 June Lake Dr, San Diego, CA 92119, United States","
+1 619-813-6181",http://oconnorconstructionsd.com/?utm_source=gmb&utm_medium=referral,5.0,"https://www.google.com/maps/place/O%27Connor+Construction,+Inc./data=!4m7!3m6!1s0x80d957e66d8a14ad:0xe38bb958f520b81b!8m2!3d32.798612!4d-117.023655!16s%2Fg%2F11nysk_hxr!19sChIJrRSKbeZX2YARG7gg9Vi5i-M?authuser=0&hl=en&rclk=1",2025-04-03T18:27:35.299331
Colin's Emergency Roofers,"
6922 Mission Gorge Rd #9030, San Diego, CA 92120, United States","
+1 858-923-4199",,4.8,https://www.google.com/maps/place/Colin%27s+Emergency+Roofers/data=!4m7!3m6!1s0x80d95564e63ed517:0x4a9f9253e2f08c9d!8m2!3d32.7991122!4d-117.0926165!16s%2Fg%2F11jbk8rqbc!19sChIJF9U-5mRV2YARnYzw4lOSn0o?authuser=0&hl=en&rclk=1,2025-04-03T18:27:38.443287
Mission Roofing Co,"
443 Venture St, Escondido, CA 92029, United States","
+1 442-257-1480",,4.2,https://www.google.com/maps/place/Mission+Roofing+Co/data=!4m7!3m6!1s0x80dbf4c2bd74b0bb:0x585c99fa967a6da1!8m2!3d33.1231406!4d-117.113327!16s%2Fg%2F1tvrz__h!19sChIJu7B0vcL024ARoW16lvqZXFg?authuser=0&hl=en&rclk=1,2025-04-03T18:27:41.441696
North County Premier Roofing,"
970 W Valley Pkwy Suite 715, Escondido, CA 92025, United States","
+1 760-437-6996",https://www.premierroofinc.com/,5.0,https://www.google.com/maps/place/North+County+Premier+Roofing/data=!4m7!3m6!1s0x80dbf5c06bebacf7:0xec50ee1284878d5e!8m2!3d33.1181267!4d-117.0959983!16s%2Fg%2F11lzxgmq6p!19sChIJ96zra8D124ARXo2HhBLuUOw?authuser=0&hl=en&rclk=1,2025-04-03T18:27:44.698397
"Shake, Shingle & Roll Roofing","
4858 Mercury St Ste. 109, San Diego, CA 92111, United States","
+1 858-278-7791",http://www.ssrroof.com/,4.8,"https://www.google.com/maps/place/Shake,+Shingle+%26+Roll+Roofing/data=!4m7!3m6!1s0x80dbff91667b0de1:0x90e0ffec0a6b6198!8m2!3d32.830394!4d-117.149095!16s%2Fg%2F1tg3bd8s!19sChIJ4Q17ZpH_24ARmGFrCuz_4JA?authuser=0&hl=en&rclk=1",2025-04-03T18:27:47.770273
Cowboy's Roofing,"
1185 Linda Vista Dr suite a, San Marcos, CA 92078, United States","
+1 760-747-6890",https://cowboysroofingconstruction.com/,5.0,https://www.google.com/maps/place/Cowboy%27s+Roofing/data=!4m7!3m6!1s0x80d945119c4ef5b7:0x649157c01a2bfd7c!8m2!3d33.1368364!4d-117.191425!16s%2Fg%2F11h3l5zgdb!19sChIJt_VOnBFF2YARfP0rGsBXkWQ?authuser=0&hl=en&rclk=1,2025-04-03T18:27:51.286601
Promark Roofing & Specialty Coatings,"
8614 Argent St suite b, Santee, CA 92071, United States","
+1 619-277-5399",,5.0,https://www.google.com/maps/place/Promark+Roofing+%26+Specialty+Coatings/data=!4m7!3m6!1s0x80d957f96848b161:0xe960262f778123cb!8m2!3d32.8315246!4d-116.9902672!16s%2Fg%2F11bw47mpct!19sChIJYbFIaPlX2YARyyOBdy8mYOk?authuser=0&hl=en&rclk=1,2025-04-03T18:27:54.399560
"A.R.S. Roofing, Inc","
8411 Kreiner Way, Santee, CA 92071, United States","
+1 619-341-3578",https://www.arsroofingco.com/,4.4,"https://www.google.com/maps/place/A.R.S.+Roofing,+Inc/data=!4m7!3m6!1s0x80dbfd6e4a90a47b:0x505320ab39923b91!8m2!3d32.844595!4d-117.0190204!16s%2Fg%2F1v6qhx_r!19sChIJe6SQSm7924ARkTuSOasgU1A?authuser=0&hl=en&rclk=1",2025-04-03T18:27:58.077576
"PandaWhite, Inc.","
2598 Fortune Way STE I, Vista, CA 92081, United States","
+1 855-700-2433",https://www.pandawhite.com/,4.8,"https://www.google.com/maps/place/PandaWhite,+Inc./data=!4m7!3m6!1s0x80db7faf5d3a8aed:0x7accc6fac186bfaf!8m2!3d33.1496479!4d-117.2267908!16s%2Fg%2F11h9kgj_qj!19sChIJ7Yo6Xa9_24ARr7-GwfrGzHo?authuser=0&hl=en&rclk=1",2025-04-03T18:28:01.490862
Frontline Roofing,"
7969 Engineer Rd #213, San Diego, CA 92111, United States","
+1 909-269-7041",https://frontlineroofing.com/roofing-contractor-san-diego,5.0,https://www.google.com/maps/place/Frontline+Roofing/data=!4m7!3m6!1s0x80dbff0490d88c15:0xbdb41f1dfe5fb398!8m2!3d32.8255354!4d-117.1523531!16s%2Fg%2F11vshfwk6g!19sChIJFYzYkAT_24ARmLNf_h0ftL0?authuser=0&hl=en&rclk=1,2025-04-03T18:28:04.658698
Cedar Roof Care,"
300 Enterprise St, Escondido, CA 92029, United States","
+1 442-434-1729",,5.0,https://www.google.com/maps/place/Cedar+Roof+Care/data=!4m7!3m6!1s0x80dbf4e7f4afbc01:0x4a20a8a69771acb4!8m2!3d33.121332!4d-117.1157849!16s%2Fg%2F1tg81rqm!19sChIJAbyv9Of024ARtKxxl6aoIEo?authuser=0&hl=en&rclk=1,2025-04-03T18:28:07.900288
"Extreme Roofing of San Diego, Inc.","
11213 El Nopal, Lakeside, CA 92040, United States","
+1 619-334-7663",http://extremeroofs.com/,4.4,"https://www.google.com/maps/place/Extreme+Roofing+of+San+Diego,+Inc./data=!4m7!3m6!1s0x80d9571070d9b4db:0xcf033e21d74f8f17!8m2!3d32.8619827!4d-116.9552618!16s%2Fg%2F1vpfjv19!19sChIJ27TZcBBX2YARF49P1yE-A88?authuser=0&hl=en&rclk=1",2025-04-03T18:28:11.450198
Martin Roofing Co,"
6608 Federal Blvd, Lemon Grove, CA 91945, United States","
+1 619-287-6860",http://www.martinroofing.net/,4.8,https://www.google.com/maps/place/Martin+Roofing+Co/data=!4m7!3m6!1s0x80d9514a08f59e1f:0x611f7b413c0349f8!8m2!3d32.7349501!4d-117.056303!16s%2Fg%2F1v1slhy0!19sChIJH571CEpR2YAR-EkDPEF7H2E?authuser=0&hl=en&rclk=1,2025-04-03T18:28:14.476688
TAG Roofing & Solar,"
7328 Mission Gorge Rd, San Diego, CA 92120, United States","
+1 877-210-6151",https://www.tagroofing.com/,4.2,https://www.google.com/maps/place/TAG+Roofing+%26+Solar/data=!4m7!3m6!1s0x80d955e2c5490c91:0xd821a93d13d9139d!8m2!3d32.8065872!4d-117.0806274!16s%2Fg%2F1tlvptqy!19sChIJkQxJxeJV2YARnRPZEz2pIdg?authuser=0&hl=en&rclk=1,2025-04-03T18:28:17.665267
"Roof Supply Co., Escondido","
530 N Spruce St, Escondido, CA 92025, United States","
+1 619-878-1531",https://roofsupply.co/,4.6,"https://www.google.com/maps/place/Roof+Supply+Co.,+Escondido/data=!4m7!3m6!1s0x80d953a4746008e1:0x591743f0ffdfa2f!8m2!3d33.1224092!4d-117.0938469!16s%2Fg%2F11fhwxdgpj!19sChIJ4QhgdKRT2YARL_r9Dz90kQU?authuser=0&hl=en&rclk=1",2025-04-03T18:28:21.010074
Coastal Crest Roofing,"
8308 Parkway Dr, La Mesa, CA 91942, United States","
+1 760-350-3339",https://coastalcrestroofing.homes/,4.7,https://www.google.com/maps/place/Coastal+Crest+Roofing/data=!4m7!3m6!1s0x80d957e53f16f633:0x9cbb550082932d3c!8m2!3d32.7787877!4d-117.0176625!16s%2Fg%2F11y4yqzjmy!19sChIJM_YWP-VX2YARPC2TggBVu5w?authuser=0&hl=en&rclk=1,2025-04-03T18:28:24.050503
"Roof Maxx of Carlsbad, CA",,"
+1 760-502-8744",https://roofmaxx.com/find-a-dealer/california/carlsbad/?utm_source=gmb,5.0,"https://www.google.com/maps/place/Roof+Maxx+of+Carlsbad,+CA/data=!4m7!3m6!1s0x42bfcc6f4f381de9:0x795062a637692cf4!8m2!3d33.1743779!4d-117.3644208!16s%2Fg%2F11v42zbmcp!19sChIJ6R04T2_Mv0IR9CxpN6ZiUHk?authuser=0&hl=en&rclk=1",2025-04-03T18:28:27.259461
Gula Roofing Co Inc,"
5244 Dehesa Rd, El Cajon, CA 92019, United States","
+1 619-440-4852",http://gularoofing.com/,5.0,https://www.google.com/maps/place/Gula+Roofing+Co+Inc/data=!4m7!3m6!1s0x80d95f130ea78679:0xf099b02eba76ec26!8m2!3d32.7913144!4d-116.8381391!16s%2Fg%2F11g3zbzt_3!19sChIJeYanDhNf2YARJux2ui6wmfA?authuser=0&hl=en&rclk=1,2025-04-03T18:28:30.200868
Salmond Construction,"
745 E Bradley Ave Unit 53, El Cajon, CA 92021, United States","
+1 619-270-6695",http://salmondconstructionsd.com/,5.0,https://www.google.com/maps/place/Salmond+Construction/data=!4m7!3m6!1s0x86079e506fcf4caf:0x9212702685b5aae4!8m2!3d32.817808!4d-116.951161!16s%2Fg%2F11s2x_9f24!19sChIJr0zPb1CeB4YR5Kq1hSZwEpI?authuser=0&hl=en&rclk=1,2025-04-03T18:28:33.256409
CityScapes Roofing,"
5005 Texas St, San Diego, CA 92108, United States","
+1 619-434-7663",http://www.cityscapesroofing.com/,5.0,https://www.google.com/maps/place/CityScapes+Roofing/data=!4m7!3m6!1s0x80d9554b1c84a4eb:0x222bf6e07e8192b!8m2!3d32.7670055!4d-117.1384702!16s%2Fg%2F11j9kn1lnz!19sChIJ66SEHEtV2YARKxnoB26_IgI?authuser=0&hl=en&rclk=1,2025-04-03T18:28:36.239321
O'Connor Roofing,"
4059 Cortez Way, Spring Valley, CA 91977, United States","
+1 619-698-3456",,5.0,https://www.google.com/maps/place/O%27Connor+Roofing/data=!4m7!3m6!1s0x80d95a06c4d946dd:0x831d2d31ba5261db!8m2!3d32.7504724!4d-116.9816139!16s%2Fg%2F1tcvv43l!19sChIJ3UbZxAZa2YAR22FSujEtHYM?authuser=0&hl=en&rclk=1,2025-04-03T18:28:39.405622
Mesa Contracting,"
13162 Hwy 8 Business SPC 113, El Cajon, CA 92021, United States","
+1 619-440-0685",http://www.mesasmobilehomeservice.com/,5.0,https://www.google.com/maps/place/Mesa+Contracting/data=!4m7!3m6!1s0x80d9595837e4237d:0x17b1a0a3fb0b29d!8m2!3d32.829376!4d-116.9121231!16s%2Fg%2F11h2hbgl1f!19sChIJfSPkN1hZ2YARnbKwPwoaewE?authuser=0&hl=en&rclk=1,2025-04-03T18:28:42.455082
Rise Up Roofing and Construction Inc,"
2182 S El Camino Real, Oceanside, CA 92054, United States","
+1 760-802-2103",https://www.riseuprac.com/,5.0,https://www.google.com/maps/place/Rise+Up+Roofing+and+Construction+Inc/data=!4m7!3m6!1s0x80dc71903fb00001:0x97874bd39fc15b74!8m2!3d33.1874029!4d-117.3279962!16s%2Fg%2F11twq3p9_q!19sChIJAQCwP5Bx3IARdFvBn9NLh5c?authuser=0&hl=en&rclk=1,2025-04-03T18:28:46.015584
TRM Roofing & Exteriors,,"
+1 858-321-5549",https://trmroofingutc.com/,5.0,https://www.google.com/maps/place/TRM+Roofing+%26+Exteriors/data=!4m7!3m6!1s0xe36dab3dbef92f9:0xdf5202cdbfa913db!8m2!3d32.8725212!4d-117.2306443!16s%2Fg%2F11y4lc8mp2!19sChIJ-ZLv27PaNg4R2xOpv80CUt8?authuser=0&hl=en&rclk=1,2025-04-03T18:28:49.013410
american roofing service,"
3440 Helix St, Spring Valley, CA 91977, United States","
+1 619-750-8768",https://americanroofingservice.godaddysites.com/,5.0,https://www.google.com/maps/place/american+roofing+service/data=!4m7!3m6!1s0x80d951a5bd908695:0x59f756a8253b6223!8m2!3d32.7441411!4d-116.999161!16s%2Fg%2F11gy7zw818!19sChIJlYaQvaVR2YARI2I7JahW91k?authuser=0&hl=en&rclk=1,2025-04-03T18:28:52.053229
Jake & Co,,"
+1 760-631-7990",https://www.jakencoroofs.com/,4.6,https://www.google.com/maps/place/Jake+%26+Co/data=!4m7!3m6!1s0x80dc744a2a72f4bb:0x72a83abda6bc0366!8m2!3d33.149633!4d-117.1961285!16s%2Fg%2F1tctfxfs!19sChIJu_RyKkp03IARZgO8pr06qHI?authuser=0&hl=en&rclk=1,2025-04-03T18:28:55.164350
Tidal Remodeling,"
5375 Avenida Encinas # A, Carlsbad, CA 92008, United States","
+1 760-990-7890",https://tidalremodeling.com/,5.0,https://www.google.com/maps/place/Tidal+Remodeling/data=!4m7!3m6!1s0x80dc7316f2866bed:0x5a0b7605f6de3919!8m2!3d33.129207!4d-117.327396!16s%2Fg%2F11stv5jvqp!19sChIJ7WuG8hZz3IARGTne9gV2C1o?authuser=0&hl=en&rclk=1,2025-04-03T18:28:58.755911
"Approved Contractor, Inc.",,"
+1 619-724-4099",https://approvedcontractorinc.com/san-diego/?utm_source=GMBlisting&utm_medium=organic,4.9,"https://www.google.com/maps/place/Approved+Contractor,+Inc./data=!4m7!3m6!1s0x80d955f7f2edb865:0xe17943f2322efa84!8m2!3d33.0169285!4d-116.8460104!16s%2Fg%2F11qpvgq93y!19sChIJZbjt8vdV2YARhPouMvJDeeE?authuser=0&hl=en&rclk=1",2025-04-03T18:29:01.892609
San Diego Flat Roof & Repair,,"
+1 619-494-2188",https://sdflatroof.com/,5.0,https://www.google.com/maps/place/San+Diego+Flat+Roof+%26+Repair/data=!4m7!3m6!1s0x80dbffcf242ef42f:0xf62654c96a6cfa56!8m2!3d33.0169285!4d-116.8460104!16s%2Fg%2F1tdm8m3f!19sChIJL_QuJM__24ARVvpsaslUJvY?authuser=0&hl=en&rclk=1,2025-04-03T18:29:05.013031
No Limit Roofing,,"
+1 760-803-2314",https://nolimitroofingca.com/,4.8,https://www.google.com/maps/place/No+Limit+Roofing/data=!4m7!3m6!1s0x80dc0b9cf5e61fbb:0x3797811ce0998d87!8m2!3d32.8615324!4d-117.1327195!16s%2Fg%2F11gnpv81cl!19sChIJux_m9ZwL3IARh42Z4ByBlzc?authuser=0&hl=en&rclk=1,2025-04-03T18:29:08.075814
Valenz Roofing,,"
+1 442-237-1960",https://www.facebook.com/profile.php?id=100090478982217&mibextid=LQQJ4d,5.0,https://www.google.com/maps/place/Valenz+Roofing/data=!4m7!3m6!1s0x80dbf3c270aea745:0xdc6706ade7e0d89c!8m2!3d32.865756!4d-105.865016!16s%2Fg%2F11rc856_3g!19sChIJRaeucMLz24ARnNjg560GZ9w?authuser=0&hl=en&rclk=1,2025-04-03T18:29:11.165025
Boyce's Roofing & Repair,"
4083 Oceanside Blvd #D, Oceanside, CA 92056, United States","
+1 760-583-9326",https://www.boycesroofing.com/,4.9,https://www.google.com/maps/place/Boyce%27s+Roofing+%26+Repair/data=!4m7!3m6!1s0x80dc714013f276f5:0x559844787a44c518!8m2!3d33.2046862!4d-117.2899462!16s%2Fg%2F11c52_ldjf!19sChIJ9XbyE0Bx3IARGMVEenhEmFU?authuser=0&hl=en&rclk=1,2025-04-03T18:29:14.755901
Chris Jackson Roofing,,"
+1 619-997-2804",https://www.chrisjacksonroofing.com/,5.0,https://www.google.com/maps/place/Chris+Jackson+Roofing/data=!4m7!3m6!1s0x80d957bee9abfed1:0x68178ac428cde210!8m2!3d33.0169285!4d-116.8460104!16s%2Fg%2F11m443tb3j!19sChIJ0f6r6b5X2YAREOLNKMSKF2g?authuser=0&hl=en&rclk=1,2025-04-03T18:29:17.893466
Coast Roofing Services,,"
+1 858-325-9045",http://www.coastroofingservices.com/,5.0,https://www.google.com/maps/place/Coast+Roofing+Services/data=!4m7!3m6!1s0xb126a92ca4239a5:0xa1ef8ebef5ea5d6b!8m2!3d33.0169285!4d-116.8460104!16s%2Fg%2F11k52npgrt!19sChIJpTlCypJqEgsRa13q9b6O76E?authuser=0&hl=en&rclk=1,2025-04-03T18:29:20.897129
Regal Roofing,"
2701 Avenida de Anita, Carlsbad, CA 92010, United States","
+1 760-903-5873",https://regalroofingllc.com/carlsbad-ca/,5.0,https://www.google.com/maps/place/Regal+Roofing/data=!4m7!3m6!1s0x80dc71e754d22869:0xc5e66b318c7f1ef4!8m2!3d33.1775201!4d-117.3223604!16s%2Fg%2F11stg3mnyd!19sChIJaSjSVOdx3IAR9B5_jDFr5sU?authuser=0&hl=en&rclk=1,2025-04-03T18:29:24.252079
DaBella,"
3333 Camino del Rio S UNIT 230, San Diego, CA 92108, United States","
+1 619-826-0582",https://dabella.us/location/san-diego/,4.6,https://www.google.com/maps/place/DaBella/data=!4m7!3m6!1s0x80dc0731874119c5:0xbbb373d9baad7dd4!8m2!3d32.7757166!4d-117.1214051!16s%2Fg%2F11r9dlz62k!19sChIJxRlBhzEH3IAR1H2tutlzs7s?authuser=0&hl=en&rclk=1,2025-04-03T18:29:27.706581
EZ Solar & Roofing,"
1076 Broadway, El Cajon, CA 92021, United States","
+1 619-613-9016",http://www.ezsolarelectric.com/,4.8,https://www.google.com/maps/place/EZ+Solar+%26+Roofing/data=!4m7!3m6!1s0x80d94c29883b6a23:0x14a401f0438a902f!8m2!3d32.807969!4d-116.9451307!16s%2Fg%2F11dztsyrn8!19sChIJI2o7iClM2YARL5CKQ_ABpBQ?authuser=0&hl=en&rclk=1,2025-04-03T18:29:30.956006
West Coast Roofing & Construction,"
13446 Poway Rd #247, Poway, CA 92064, United States","
+1 858-487-4300",https://westcoastsd.com/,3.0,https://www.google.com/maps/place/West+Coast+Roofing+%26+Construction/data=!4m7!3m6!1s0x80dbf0aa1c6d4d17:0x1b23637d2fc2a7f8!8m2!3d32.9576825!4d-117.0389744!16s%2Fg%2F1t_hz8j4!19sChIJF01tHKrw24AR-KfCL31jIxs?authuser=0&hl=en&rclk=1,2025-04-03T18:29:33.918759
"Araujo Roofing, Inc.",,"
+1 760-532-4673",http://araujoroofinginc.com/,4.7,"https://www.google.com/maps/place/Araujo+Roofing,+Inc./data=!4m7!3m6!1s0x80dbf534ade740bf:0x1b9cb48da9b51570!8m2!3d33.0169285!4d-116.8460104!16s%2Fg%2F11m42856fc!19sChIJv0DnrTT124ARcBW1qY20nBs?authuser=0&hl=en&rclk=1",2025-04-03T18:29:37.113863
TS Construction Windows & Roofing,"
7933 Silverton Ave Ste 716, San Diego, CA 92126, United States","
+1 858-267-6111",https://tsconstructioninc.com/,5.0,https://www.google.com/maps/place/TS+Construction+Windows+%26+Roofing/data=!4m7!3m6!1s0x80dbf91355868849:0x20f3ddf329e525db!8m2!3d32.8898442!4d-117.1506308!16s%2Fg%2F11svfy9ph3!19sChIJSYiGVRP524AR2yXlKfPd8yA?authuser=0&hl=en&rclk=1,2025-04-03T18:29:40.200708
Angels Roofing,"
1537 H St, Ramona, CA 92065, United States","
+1 619-733-9120",http://www.angelsroofingservices.com/,5.0,https://www.google.com/maps/place/Angels+Roofing/data=!4m7!3m6!1s0x4f7f00a14f13946b:0x8abf1422abf03862!8m2!3d33.0329509!4d-116.8740846!16s%2Fg%2F11tcr1snxm!19sChIJa5QTT6EAf08RYjjwqyIUv4o?authuser=0&hl=en&rclk=1,2025-04-03T18:29:43.253620
BH Construction Services,"
3026 Midway Dr E-1, San Diego, CA 92110, United States","
+1 619-237-4070",http://bhcentral.com/,3.0,https://www.google.com/maps/place/BH+Construction+Services/data=!4m7!3m6!1s0xa0b3729df60d244d:0xc42f9bd194553!8m2!3d32.7502353!4d-117.2063695!16s%2Fg%2F11qg0h1qxm!19sChIJTSQN9p1ys6ARU0UZvflCDAA?authuser=0&hl=en&rclk=1,2025-04-03T18:29:46.792912
JCVP ROOFING,,"
+1 619-735-4835",https://www.jcvproofing.com/?utm_source=google&utm_medium=wix_google_business_profile&utm_campaign=4838178011705261887,5.0,https://www.google.com/maps/place/JCVP+ROOFING/data=!4m7!3m6!1s0x80d959e13c2dc971:0xfd63f3c895851315!8m2!3d32.8244879!4d-117.1027679!16s%2Fg%2F11tg56pcnf!19sChIJccktPOFZ2YARFROFlcjzY_0?authuser=0&hl=en&rclk=1,2025-04-03T18:29:49.881380
Aqua MG Roofing and Panting,,"
+1 760-644-6317",https://aquamgrp.com/,5.0,https://www.google.com/maps/place/Aqua+MG+Roofing+and+Panting/data=!4m7!3m6!1s0x4e3a7560e3009b71:0xd3315158f501dcea!8m2!3d33.0169285!4d-116.8460104!16s%2Fg%2F11sxx50ydr!19sChIJcZsA42B1Ok4R6twB9VhRMdM?authuser=0&hl=en&rclk=1,2025-04-03T18:29:52.935639
HP Commercial Roofing Pro,"
4660 La Jolla Village Dr Suite 100, San Diego, CA 92122, United States","
+1 800-842-8029",https://hproofingpro.com/commercial-roofing-contractors-in-san-diego-county/?utm_source=gmb&utm_medium=local_seo&utm_campaign=localfinder,5.0,https://www.google.com/maps/place/HP+Commercial+Roofing+Pro/data=!4m7!3m6!1s0x80dc07b48351deb7:0x820fb51e7982db8f!8m2!3d32.8746873!4d-117.2067256!16s%2Fg%2F11r6klrsfl!19sChIJt95Rg7QH3IARj9uCeR61D4I?authuser=0&hl=en&rclk=1,2025-04-03T18:29:56.409856
"Premium Roof Services, Inc.","
659 Grand Ave, Spring Valley, CA 91977, United States","
+1 619-239-8880",https://www.premiumroofservices.com/,5.0,"https://www.google.com/maps/place/Premium+Roof+Services,+Inc./data=!4m7!3m6!1s0x80d95383670406c1:0x74cc17fd5db6b0a0!8m2!3d32.7095305!4d-116.9970383!16s%2Fg%2F1tcv1qyb!19sChIJwQYEZ4NT2YARoLC2Xf0XzHQ?authuser=0&hl=en&rclk=1",2025-04-03T18:30:00.706691
